﻿ano_nascimento,sexo,municipio,bairro,doenca
2011,F,PORTO AMAZONAS,BAIRRO NAO INFORMADO                              ,INFECCAO AGUDA DAS VIAS AEREAS SUPERIORES NAO ESPECIFICADA
1984,F,CURITIBA,CIDADE INDUSTRIAL,INFECCAO DO TRATO URINARIO DE LOCALIZACAO NAO ESPECIFICADA
1996,F,CURITIBA,CIDADE INDUSTRIAL,INFECCAO AGUDA DAS VIAS AEREAS SUPERIORES NAO ESPECIFICADA
1931,M,CURITIBA,SAO BRAZ                                          ,EXAME MEDICO GERAL
1931,M,CURITIBA,SAO BRAZ                                          ,EXAME MEDICO GERAL
2012,M,CURITIBA,ATUBA                                             ,ASMA NAO ESPECIFICADA
1991,F,PINHAIS,VARGEM GRANDE                                     ,CEFALEIA
2013,F,CURITIBA,BAIRRO ALTO,OTITE MEDIA NAO ESPECIFICADA
2013,F,CURITIBA,BAIRRO ALTO,EXAME E OBSERVACAO POR OUTRAS RAZOES ESPECIFICADAS
2013,F,CURITIBA,BAIRRO ALTO,AMIGDALITE AGUDA NAO ESPECIFICADA
2006,M,CURITIBA,PINHEIRINHO                                       ,SINUSITE AGUDA NAO ESPECIFICADA
2001,M,CURITIBA,PINHEIRINHO                                       ,OUTRAS DORES ABDOMINAIS E AS NAO ESPECIFICADAS
2001,M,CURITIBA,PINHEIRINHO                                       ,DOR LOCALIZADA EM OUTRAS PARTES DO ABDOME INFERIOR
1985,F,CURITIBA,PINHEIRINHO                                       ,EXAME MEDICO GERAL
1966,M,CURITIBA,ABRANCHES                                         ,BURSITE DO OMBRO
1966,M,CURITIBA,ABRANCHES                                         ,EXAME MEDICO GERAL
1969,F,CURITIBA,ABRANCHES                                         ,CIATICA
1969,F,CURITIBA,ABRANCHES                                         ,EXAME MEDICO GERAL
1996,F,CURITIBA,NOVO MUNDO,TOSSE
1994,M,CURITIBA,TATUQUARA                                         ,DISPNEIA
1980,F,CURITIBA,CAJURU,PARALISIA CEREBRAL NAO ESPECIFICADA
1980,M,CURITIBA,CACHOEIRA                                         ,DORSALGIA NAO ESPECIFICADA
1965,M,SAO JOSE DOS PINHAIS,BAIRRO NAO INFORMADO,DIARREIA E GASTROENTERITE DE ORIGEM INFECCIOSA PRESUMIVEL
1965,M,SAO JOSE DOS PINHAIS,BAIRRO NAO INFORMADO,DIARREIA E GASTROENTERITE DE ORIGEM INFECCIOSA PRESUMIVEL
1973,F,CURITIBA,SAO BRAZ                                          ,EMISSAO DE PRESCRICAO DE REPETICAO
1974,M,CURITIBA,SAO BRAZ                                          ,EMISSAO DE PRESCRICAO DE REPETICAO
1987,M,CURITIBA,CIDADE INDUSTRIAL,CONTUSAO DE OUTRAS PARTES E PARTES NAO ESPECIFICADAS DO PE
1987,M,CURITIBA,CIDADE INDUSTRIAL,DIARREIA E GASTROENTERITE DE ORIGEM INFECCIOSA PRESUMIVEL
2003,F,CURITIBA,PINHEIRINHO                                       ,AMIGDALITE AGUDA NAO ESPECIFICADA
1964,M,CURITIBA,ATUBA                                             ,EMISSAO DE PRESCRICAO DE REPETICAO
1964,M,CURITIBA,ATUBA                                             ,EMISSAO DE PRESCRICAO DE REPETICAO
1964,M,CURITIBA,ATUBA                                             ,EXAME DE SEGUIMENTO APOS OUTRO TRATAMENTO POR OUTRAS AFECCOES
1992,F,CURITIBA,ATUBA                                             ,DISIDROSE [POMPHOLYX]
1962,F,CURITIBA,ATUBA                                             ,EMISSAO DE PRESCRICAO DE REPETICAO
1962,F,CURITIBA,ATUBA                                             ,OUTROS EXAMES PARA PROPOSITOS ADMINISTRATIVOS
2015,M,CURITIBA,UMBARA,NAUSEA E VOMITOS
2001,M,CURITIBA,UMBARA,PROCEDIMENTO NAO REALIZADO POR RAZAO NAO ESPECIFICADA
1996,F,CURITIBA,UMBARA,APNEIA DE SONO
1968,F,CURITIBA,SANTA FELICIDADE,DIARREIA E GASTROENTERITE DE ORIGEM INFECCIOSA PRESUMIVEL
1950,M,CURITIBA,XAXIM                                             ,DIABETES MELLITUS NAO ESPECIFICADO - SEM COMPLICACOES
1950,M,CURITIBA,XAXIM                                             ,HIPERGLICEMIA NAO ESPECIFICADA
1950,M,CURITIBA,XAXIM                                             ,HIPERGLICEMIA NAO ESPECIFICADA
1950,M,CURITIBA,XAXIM                                             ,DIABETES MELLITUS NAO-INSULINO-DEPENDENTE - SEM COMPLICACOES
1950,M,CURITIBA,XAXIM                                             ,DIABETES MELLITUS NAO-INSULINO-DEPENDENTE - SEM COMPLICACOES
1950,M,CURITIBA,XAXIM                                             ,DIABETES MELLITUS NAO-INSULINO-DEPENDENTE - SEM COMPLICACOES
1964,F,CURITIBA,CIDADE INDUSTRIAL,"ENXAQUECA, SEM ESPECIFICACAO"
1964,F,CURITIBA,CIDADE INDUSTRIAL,SINUSITE AGUDA NAO ESPECIFICADA
1951,M,CURITIBA,ALTO BOQUEIRAO,OUTRA DOR CRONICA
1951,M,CURITIBA,ALTO BOQUEIRAO,OUTRA DOR CRONICA
1959,F,CURITIBA,ALTO BOQUEIRAO,NASOFARINGITE AGUDA [RESFRIADO COMUM]
1995,M,CURITIBA,CIDADE INDUSTRIAL,NASOFARINGITE AGUDA [RESFRIADO COMUM]
1956,F,CURITIBA,NOVO MUNDO,CARCINOMA IN SITU DO COLON
1989,F,CURITIBA,SANTA CANDIDA                                     ,PROCEDIMENTO NAO REALIZADO POR RAZAO NAO ESPECIFICADA
1989,F,CURITIBA,SANTA CANDIDA                                     ,DISTENSAO MUSCULAR
1989,F,CURITIBA,SANTA CANDIDA                                     ,EMISSAO DE PRESCRICAO DE REPETICAO
1989,F,CURITIBA,SANTA CANDIDA                                     ,EXAME NAO ESPECIFICADO COM FINALIDADES ADMINISTRATIVAS
1989,F,CURITIBA,SANTA CANDIDA                                     ,CISTITE AGUDA
1967,F,CURITIBA,SAO BRAZ                                          ,ANEMIA POR DEFICIENCIA DE FERRO NAO ESPECIFICADA
1967,F,CURITIBA,SAO BRAZ                                          ,PROCEDIMENTO NAO REALIZADO DEVIDO A DECISAO DO PACIENTE POR OUTRAS RAZOES E AS NAO ESPECIFICADAS
1967,F,CURITIBA,SAO BRAZ                                          ,CERVICALGIA
1967,F,CURITIBA,SAO BRAZ                                          ,CERVICALGIA
1964,F,CURITIBA,SAO BRAZ                                          ,DOR LOMBAR BAIXA
1990,M,CURITIBA,CIDADE INDUSTRIAL,TOSSE
1990,M,CURITIBA,CIDADE INDUSTRIAL,AMIGDALITE AGUDA NAO ESPECIFICADA
2008,F,CURITIBA,SITIO CERCADO,AMIGDALITE AGUDA NAO ESPECIFICADA
1989,F,CURITIBA,BAIRRO ALTO,ACONSELHAMENTO GERAL SOBRE CONTRACEPCAO
1956,F,CURITIBA,BAIRRO ALTO,EMISSAO DE PRESCRICAO DE REPETICAO
1956,F,CURITIBA,BAIRRO ALTO,EMISSAO DE PRESCRICAO DE REPETICAO
1974,F,CURITIBA,CIDADE INDUSTRIAL,FARINGITE AGUDA NAO ESPECIFICADA
1986,M,CURITIBA,CIDADE INDUSTRIAL,TORCAO DO TESTICULO
1946,F,CURITIBA,NOVO MUNDO,PROCEDIMENTO NAO REALIZADO DEVIDO A DECISAO DO PACIENTE POR OUTRAS RAZOES E AS NAO ESPECIFICADAS
1961,F,CURITIBA,SITIO CERCADO,DIABETES MELLITUS INSULINO-DEPENDENTE - COM COMPLICACOES NAO ESPECIFICADAS
1961,F,CURITIBA,SITIO CERCADO,DIABETES MELLITUS INSULINO-DEPENDENTE - COM COMPLICACOES NAO ESPECIFICADAS
1967,F,CURITIBA,PILARZINHO,PROCEDIMENTO NAO REALIZADO DEVIDO A DECISAO DO PACIENTE POR OUTRAS RAZOES E AS NAO ESPECIFICADAS
1970,M,CURITIBA,PINHEIRINHO                                       ,DIABETES MELLITUS NAO ESPECIFICADO - SEM COMPLICACOES
2007,M,CURITIBA,PINHEIRINHO                                       ,BRONQUITE AGUDA DEVIDA A OUTROS MICROORGANISMOS ESPECIFICADOS
2007,M,CURITIBA,PINHEIRINHO                                       ,ASMA NAO ESPECIFICADA
1950,M,CURITIBA,PINHEIRINHO                                       ,EMISSAO DE PRESCRICAO DE REPETICAO
1967,F,CURITIBA,BOQUEIRAO                                         ,EXAME MEDICO GERAL
1960,F,CURITIBA,PORTAO                                            ,HIPERTENSAO ESSENCIAL (PRIMARIA)
1960,F,CURITIBA,PORTAO                                            ,HIPERTENSAO ESSENCIAL (PRIMARIA)
1955,F,CURITIBA,XAXIM                                             ,FARINGITE AGUDA DEVIDA A OUTROS MICROORGANISMOS ESPECIFICADOS
1971,M,CURITIBA,XAXIM                                             ,EXAME DE SEGUIMENTO APOS OUTRO TRATAMENTO POR OUTRAS AFECCOES
1971,M,CURITIBA,XAXIM                                             ,EXAME DE SEGUIMENTO APOS OUTRO TRATAMENTO POR OUTRAS AFECCOES
2011,M,CURITIBA,SITIO CERCADO,URTICARIA NAO ESPECIFICADA
2015,M,CURITIBA,PINHEIRINHO                                       ,SINUSITE FRONTAL AGUDA
1960,F,CURITIBA,PINHEIRINHO                                       ,EXAME MEDICO GERAL
1960,F,CURITIBA,PINHEIRINHO                                       ,OUTROS EXAMES GERAIS
2011,F,CURITIBA,TATUQUARA                                         ,INFECCAO INTESTINAL DEVIDA A VIRUS NAO ESPECIFICADO
2011,F,CURITIBA,TATUQUARA                                         ,INFECCAO INTESTINAL DEVIDA A VIRUS NAO ESPECIFICADO
1972,M,CURITIBA,CIDADE INDUSTRIAL,DOR LOMBAR BAIXA
1981,M,CURITIBA,CAMPO DE SANTANA                                  ,CONJUNTIVITE AGUDA NAO ESPECIFICADA
1996,F,ALMIRANTE TAMANDARE,LOTEAMENTO CHICO MENDES,INFECCAO DO TRATO URINARIO DE LOCALIZACAO NAO ESPECIFICADA
1996,F,ALMIRANTE TAMANDARE,LOTEAMENTO CHICO MENDES,INFECCAO DO TRATO URINARIO DE LOCALIZACAO NAO ESPECIFICADA
1995,F,COLOMBO,NAO INFORMADO,NASOFARINGITE AGUDA [RESFRIADO COMUM]
1992,F,CURITIBA,PILARZINHO,OUTRAS DORES ABDOMINAIS E AS NAO ESPECIFICADAS
1992,F,CURITIBA,PILARZINHO,TOSSE
1992,F,CURITIBA,PILARZINHO,PNEUMONIA NAO ESPECIFICADA
1944,M,CURITIBA,CIDADE INDUSTRIAL,NECESSIDADE DE SUPERVISAO CONTINUA
1994,M,CURITIBA,CIDADE INDUSTRIAL,DIARREIA E GASTROENTERITE DE ORIGEM INFECCIOSA PRESUMIVEL
2018,M,CURITIBA,BOQUEIRAO                                         ,EXAME DE ROTINA DE SAUDE DA CRIANCA
2018,M,CURITIBA,BOQUEIRAO                                         ,EXAME DE ROTINA DE SAUDE DA CRIANCA
1981,F,CURITIBA,BOQUEIRAO                                         ,EXAME MEDICO GERAL
1974,F,CURITIBA,BOQUEIRAO                                         ,DIABETES MELLITUS NAO ESPECIFICADO - SEM COMPLICACOES
1988,F,CURITIBA,BOQUEIRAO                                         ,PROCEDIMENTO NAO REALIZADO DEVIDO A DECISAO DO PACIENTE POR OUTRAS RAZOES E AS NAO ESPECIFICADAS
1973,F,CURITIBA,UBERABA,DISPEPSIA
1973,F,CURITIBA,UBERABA,DISPEPSIA
1954,F,CURITIBA,UBERABA,DIABETES MELLITUS INSULINO-DEPENDENTE - COM COMPLICACOES NAO ESPECIFICADAS
2000,F,CURITIBA,CIDADE INDUSTRIAL,OUTRAS DORES ABDOMINAIS E AS NAO ESPECIFICADAS
1934,M,CURITIBA,BOQUEIRAO                                         ,TRAUMATISMO SUPERFICIAL DE REGIAO NAO ESPECIFICADA DO CORPO
1954,M,CURITIBA,REBOUCAS                                          ,EXAME ESPECIAL DE RASTREAMENTO DE DOENCAS CARDIOVASCULARES
1978,M,CURITIBA,PILARZINHO,"AFECCOES DA PELE E DO TECIDO SUBCUTANEO, NAO ESPECIFICADOS"
1983,M,CURITIBA,CENTRO CIVICO                                     ,MORDEDURA/GOLPE PROVOCADO POR CAO - RESIDENCIA
1965,M,NAO INFORMADO,BAIRRO NAO INFORMADO                              ,"DOENCAS INFECCIOSAS, OUTRAS E AS NAO ESPECIFICADAS"
1957,F,CURITIBA,CIDADE INDUSTRIAL,EXAME MEDICO GERAL
1957,F,CURITIBA,CIDADE INDUSTRIAL,EXAME MEDICO GERAL
1957,F,CURITIBA,CIDADE INDUSTRIAL,EXAME MEDICO GERAL
1957,F,CURITIBA,CIDADE INDUSTRIAL,EXAME MEDICO GERAL
1958,M,CURITIBA,CIDADE INDUSTRIAL,EMISSAO DE PRESCRICAO DE REPETICAO
1995,F,CURITIBA,SANTA FELICIDADE,SINUSITE AGUDA NAO ESPECIFICADA
1994,F,CURITIBA,CIDADE INDUSTRIAL,NASOFARINGITE AGUDA [RESFRIADO COMUM]
1980,M,CURITIBA,CIDADE INDUSTRIAL,CONTUSAO DE OUTRAS PARTES DO PUNHO E DA MAO
1987,M,CURITIBA,SANTA CANDIDA                                     ,DOR EM MEMBRO
2018,M,CURITIBA,ATUBA                                             ,BRONCOPNEUMONIA NAO ESPECIFICADA
1985,F,PINHAIS,JD. WEISSOPOLIS                                   ,ESQUIZOFRENIA NAO ESPECIFICADA
1971,F,ARAUCARIA,BAIRRO NAO INFORMADO,EXAME MEDICO GERAL
1967,F,CURITIBA,BAIRRO ALTO,CONTRATURA DE MUSCULO
1949,F,CURITIBA,VISTA ALEGRE                                      ,CERUME IMPACTADO
1949,M,CURITIBA,HUGO LANGE                                        ,DIABETES MELLITUS NAO ESPECIFICADO - SEM COMPLICACOES
2005,M,CURITIBA,CIDADE INDUSTRIAL,URTICARIA NAO ESPECIFICADA
1960,F,CURITIBA,PINHEIRINHO                                       ,DIABETES MELLITUS NAO ESPECIFICADO - COM COMPLICACOES NAO ESPECIFICADAS
1960,F,CURITIBA,PINHEIRINHO                                       ,HIPERGLICEMIA NAO ESPECIFICADA
1960,F,CURITIBA,PINHEIRINHO                                       ,DIABETES MELLITUS NAO ESPECIFICADO - COM COMPLICACOES NAO ESPECIFICADAS
1961,F,CURITIBA,ALTO BOQUEIRAO,PESSOA QUE CONSULTA PARA EXPLICACAO DE ACHADOS DE EXAME
1987,M,CURITIBA,TATUQUARA                                         ,OUTRA DOR TORACICA
1987,M,CURITIBA,TATUQUARA                                         ,DOR LOMBAR BAIXA
2001,M,CURITIBA,XAXIM                                             ,DIARREIA E GASTROENTERITE DE ORIGEM INFECCIOSA PRESUMIVEL
1946,F,CURITIBA,XAXIM                                             ,EMISSAO DE PRESCRICAO DE REPETICAO
1946,F,CURITIBA,XAXIM                                             ,EMISSAO DE PRESCRICAO DE REPETICAO
1973,F,CURITIBA,ABRANCHES                                         ,SINDROME DO TUNEL DO CARPO
1988,F,CURITIBA,FAZENDINHA,HIPERTROFIA DA MAMA
1988,F,CURITIBA,FAZENDINHA,HIPERTROFIA DA MAMA
1961,F,CURITIBA,FAZENDINHA,EXAME MEDICO GERAL
1961,F,CURITIBA,FAZENDINHA,EXAME MEDICO GERAL
1961,F,CURITIBA,FAZENDINHA,EXAME MEDICO GERAL
1961,F,CURITIBA,FAZENDINHA,DOENCA PULMONAR OBSTRUTIVA CRONICA COM EXACERBACAO AGUDA NAO ESPECIFICADA
2002,F,CURITIBA,FAZENDINHA,EXAME MEDICO GERAL
2002,F,CURITIBA,FAZENDINHA,EXAME MEDICO GERAL
2002,F,CURITIBA,FAZENDINHA,EXAME MEDICO GERAL
1941,F,CURITIBA,FAZENDINHA,HIPERTENSAO ESSENCIAL (PRIMARIA)
1941,F,CURITIBA,FAZENDINHA,EMISSAO DE PRESCRICAO DE REPETICAO
1941,F,CURITIBA,FAZENDINHA,EXAME MEDICO GERAL
1941,F,CURITIBA,FAZENDINHA,EXAME MEDICO GERAL
1985,F,CURITIBA,FAZENDINHA,EXAME MEDICO GERAL
1985,F,CURITIBA,FAZENDINHA,EXAME MEDICO GERAL
1954,M,FAZENDA RIO GRANDE,ESTADOS,NASOFARINGITE AGUDA [RESFRIADO COMUM]
1954,M,FAZENDA RIO GRANDE,ESTADOS,NASOFARINGITE AGUDA [RESFRIADO COMUM]
1954,M,FAZENDA RIO GRANDE,ESTADOS,DIABETES MELLITUS INSULINO-DEPENDENTE - SEM COMPLICACOES
1954,M,FAZENDA RIO GRANDE,ESTADOS,DIABETES MELLITUS INSULINO-DEPENDENTE - SEM COMPLICACOES
1993,F,COLOMBO,JD. PALOMA                                        ,EXAME MEDICO GERAL
1944,F,CURITIBA,CIDADE INDUSTRIAL,CISTITE AGUDA
1997,M,CURITIBA,CIDADE INDUSTRIAL,DOR EM MEMBRO
1981,F,COLOMBO,NAO INFORMADO,CEFALEIA
1970,M,CURITIBA,SANTA QUITERIA                                    ,COLICA NEFRETICA NAO ESPECIFICADA
1972,F,CURITIBA,SANTA QUITERIA                                    ,AMENORREIA SECUNDARIA
1972,F,CURITIBA,SANTA QUITERIA                                    ,EXAME MEDICO GERAL
1972,F,CURITIBA,SANTA QUITERIA                                    ,EMISSAO DE PRESCRICAO DE REPETICAO
2011,M,CURITIBA,SANTA FELICIDADE,NASOFARINGITE AGUDA [RESFRIADO COMUM]
2008,M,CURITIBA,CAPAO RASO,"HIPERTROFIA DO PREPUCIO, FIMOSE E PARAFIMOSE"
1997,F,CURITIBA,CAPAO RASO,EXAME GINECOLOGICO (GERAL) (DE ROTINA)
1976,F,CURITIBA,CAPAO RASO,HIPERTENSAO ESSENCIAL (PRIMARIA)
1976,F,CURITIBA,CAPAO RASO,HIPERTENSAO ESSENCIAL (PRIMARIA)
1994,M,CURITIBA,CAPAO RASO,EXAME MEDICO GERAL
1994,M,CURITIBA,CAPAO RASO,DOR LOMBAR BAIXA
1994,M,CURITIBA,CAPAO RASO,EXAME MEDICO GERAL
1994,M,CURITIBA,CAPAO RASO,OUTRAS SINOVITES E TENOSSINOVITES
1994,M,CURITIBA,CAPAO RASO,EXAME MEDICO GERAL
1994,M,CURITIBA,CAPAO RASO,TOSSE
1971,M,CURITIBA,PAROLIN                                           ,DIABETES MELLITUS NAO-INSULINO-DEPENDENTE - COM COMPLICACOES NAO ESPECIFICADAS
1963,F,CURITIBA,CACHOEIRA                                         ,PROCEDIMENTO NAO REALIZADO POR RAZAO NAO ESPECIFICADA
1946,M,CURITIBA,CACHOEIRA                                         ,HIPERTENSAO ESSENCIAL (PRIMARIA)
1946,M,CURITIBA,CACHOEIRA                                         ,HIPERTENSAO ESSENCIAL (PRIMARIA)
1960,F,COLOMBO,CENTRO,FARINGITE AGUDA NAO ESPECIFICADA
2018,F,CURITIBA,SAO BRAZ                                          ,EXAME DE ROTINA DE SAUDE DA CRIANCA
1994,M,CURITIBA,CIDADE INDUSTRIAL,URETRITES NAO ESPECIFICAS
1994,M,CURITIBA,CIDADE INDUSTRIAL,URETRITES NAO ESPECIFICAS
1987,M,CURITIBA,BAIRRO ALTO,EMISSAO DE PRESCRICAO DE REPETICAO
1994,M,CURITIBA,CIDADE INDUSTRIAL,DIARREIA E GASTROENTERITE DE ORIGEM INFECCIOSA PRESUMIVEL
2011,F,CURITIBA,UBERABA,EXAME MEDICO GERAL
2011,F,CURITIBA,UBERABA,FEBRE NAO ESPECIFICADA
1964,F,CURITIBA,UBERABA,LUXACAO DA ARTICULACAO ACROMIOCLAVICULAR
1964,F,CURITIBA,UBERABA,LUXACAO DA ARTICULACAO DO OMBRO
1964,F,CURITIBA,UBERABA,LUXACAO DA ARTICULACAO DO OMBRO
1964,F,CURITIBA,UBERABA,EMISSAO DE PRESCRICAO DE REPETICAO
1944,F,CURITIBA,UBERABA,EMISSAO DE PRESCRICAO DE REPETICAO
1941,M,CURITIBA,UBERABA,TOSSE
1941,M,CURITIBA,UBERABA,TOSSE
1941,M,CURITIBA,UBERABA,TOSSE
1941,M,CURITIBA,UBERABA,TOSSE
1941,M,CURITIBA,UBERABA,TOSSE
2012,M,CURITIBA,UBERABA,DIARREIA E GASTROENTERITE DE ORIGEM INFECCIOSA PRESUMIVEL
2012,M,CURITIBA,UBERABA,DIARREIA E GASTROENTERITE DE ORIGEM INFECCIOSA PRESUMIVEL
2009,M,CURITIBA,SITIO CERCADO,FARINGITE AGUDA NAO ESPECIFICADA
1976,F,CURITIBA,SITIO CERCADO,INFECCAO AGUDA DAS VIAS AEREAS SUPERIORES NAO ESPECIFICADA
1953,F,CURITIBA,JARDIM BOTANICO                                   ,EXAME ESPECIAL DE RASTREAMENTO DE DOENCAS CARDIOVASCULARES
1989,F,CAMPINA GRANDE DO SUL,BAIRRO NAO INFORMADO,AMIGDALITE AGUDA NAO ESPECIFICADA
1989,F,CAMPINA GRANDE DO SUL,BAIRRO NAO INFORMADO,AMIGDALITE AGUDA NAO ESPECIFICADA
1934,M,CURITIBA,UBERABA,EXAME MEDICO GERAL
1934,M,CURITIBA,UBERABA,EXAME MEDICO GERAL
1988,F,COLOMBO,CENTRO,TOSSE
1988,F,COLOMBO,CENTRO,TOSSE
1988,F,COLOMBO,CENTRO,TOSSE
1988,F,COLOMBO,CENTRO,CONTRATURA DE MUSCULO
1988,F,COLOMBO,CENTRO,EXAME MEDICO GERAL
1987,M,CURITIBA,UMBARA,INFECCAO DO TRATO URINARIO DE LOCALIZACAO NAO ESPECIFICADA
1987,M,CURITIBA,UMBARA,INFECCAO DO TRATO URINARIO DE LOCALIZACAO NAO ESPECIFICADA
1968,M,FAZENDA RIO GRANDE,BAIRRO NAO INFORMADO,DOR LOMBAR BAIXA
1997,F,CURITIBA,CIDADE INDUSTRIAL,VAGINITE AGUDA
2017,M,CURITIBA,NOVO MUNDO,PROCEDIMENTO NAO REALIZADO POR RAZAO NAO ESPECIFICADA
2017,M,CURITIBA,NOVO MUNDO,NASOFARINGITE AGUDA [RESFRIADO COMUM]
2017,M,CURITIBA,NOVO MUNDO,DERMATITE NAO ESPECIFICADA
2011,F,CURITIBA,NOVO MUNDO,NAUSEA E VOMITOS
1939,F,CURITIBA,FAZENDINHA,HIPOTIREOIDISMO NAO ESPECIFICADO
1973,F,CURITIBA,PINHEIRINHO                                       ,EMISSAO DE PRESCRICAO DE REPETICAO
1998,F,CURITIBA,PINHEIRINHO                                       ,"SUPERVISAO DE GRAVIDEZ NORMAL, NAO ESPECIFICADA"
1998,F,CURITIBA,PINHEIRINHO                                       ,"SUPERVISAO DE GRAVIDEZ NORMAL, NAO ESPECIFICADA"
1998,F,CURITIBA,PINHEIRINHO                                       ,NASOFARINGITE AGUDA [RESFRIADO COMUM]
2016,F,CURITIBA,CAJURU,PROCEDIMENTO NAO REALIZADO POR RAZAO NAO ESPECIFICADA
2016,F,CURITIBA,CAJURU,PROCEDIMENTO NAO REALIZADO POR RAZAO NAO ESPECIFICADA
1959,M,CURITIBA,NOVO MUNDO,EXAME MEDICO GERAL
1956,F,CURITIBA,PILARZINHO,EXAME MEDICO GERAL
1947,F,CURITIBA,CAPAO RASO,EMISSAO DE PRESCRICAO DE REPETICAO
1988,F,CURITIBA,CIDADE INDUSTRIAL,EMISSAO DE PRESCRICAO DE REPETICAO
1993,F,CURITIBA,CIDADE INDUSTRIAL,DOR TORACICA AO RESPIRAR
2002,F,CURITIBA,CIDADE INDUSTRIAL,ASMA NAO ESPECIFICADA
2006,F,CURITIBA,CAJURU,ANSIEDADE GENERALIZADA
1984,F,CURITIBA,CAJURU,EMISSAO DE PRESCRICAO DE REPETICAO
1981,F,CURITIBA,PINHEIRINHO                                       ,CISTITE AGUDA
1980,M,CURITIBA,BAIRRO NAO INFORMADO                              ,HERPES ZOSTER SEM COMPLICACAO
1980,M,CURITIBA,BAIRRO NAO INFORMADO                              ,HERPES ZOSTER SEM COMPLICACAO
2018,M,CURITIBA,CAPAO DA IMBUIA,EXAME DE ROTINA DE SAUDE DA CRIANCA
1997,F,CURITIBA,CAPAO DA IMBUIA,SUPERVISAO DE OUTRA GRAVIDEZ NORMAL
1994,M,CURITIBA,ALTO BOQUEIRAO,AMIGDALITE AGUDA NAO ESPECIFICADA
1998,F,CURITIBA,ALTO BOQUEIRAO,DIARREIA E GASTROENTERITE DE ORIGEM INFECCIOSA PRESUMIVEL
1993,F,CURITIBA,ALTO BOQUEIRAO,DOR LOMBAR BAIXA
1967,F,CURITIBA,ALTO BOQUEIRAO,DOR CRONICA INTRATAVEL
1967,F,CURITIBA,ALTO BOQUEIRAO,HEMORROIDAS EXTERNAS SEM COMPLICACAO
2018,F,CURITIBA,UBERABA,EXAME NO PERIODO DE CRESCIMENTO RAPIDO NA INFANCIA
2018,F,CURITIBA,UBERABA,EXAME NO PERIODO DE CRESCIMENTO RAPIDO NA INFANCIA
1948,F,CURITIBA,UBERABA,HIPERTENSAO ESSENCIAL (PRIMARIA)
2015,F,CURITIBA,PINHEIRINHO                                       ,OTITE MEDIA NAO ESPECIFICADA
1991,F,CURITIBA,SAO BRAZ                                          ,OUTROS SINTOMAS E SINAIS GERAIS ESPECIFICADOS
1997,F,CURITIBA,JARDIM DAS AMERICAS                               ,FARINGITE AGUDA NAO ESPECIFICADA
1981,F,CURITIBA,JARDIM DAS AMERICAS                               ,TRANSTORNO DE PANICO [ANSIEDADE PAROXISTICA EPISODICA]
1981,F,CURITIBA,JARDIM DAS AMERICAS                               ,CEFALEIA
1980,F,CURITIBA,FAZENDINHA,"TRANSTORNO DEPRESSIVO RECORRENTE, EPISODIO ATUAL GRAVE SEM SINTOMAS PSICOTICOS"
1981,M,CURITIBA,CIDADE INDUSTRIAL,DOR LOMBAR BAIXA
1957,F,CURITIBA,CIDADE INDUSTRIAL,INFECCAO DO TRATO URINARIO DE LOCALIZACAO NAO ESPECIFICADA
1965,F,CURITIBA,SITIO CERCADO,EMISSAO DE PRESCRICAO DE REPETICAO
1999,M,CURITIBA,SAO FRANCISCO                                     ,OTALGIA
1999,M,CURITIBA,SAO FRANCISCO                                     ,OTALGIA
1975,F,CURITIBA,CAMPO DE SANTANA                                  ,HIPERTENSAO ESSENCIAL (PRIMARIA)
1986,F,CURITIBA,PRADO VELHO                                       ,DIABETES MELLITUS NAO-INSULINO-DEPENDENTE - COM COMPLICACOES NAO ESPECIFICADAS
1991,F,CURITIBA,CAJURU,EXAME MEDICO GERAL
1959,M,CURITIBA,BAIRRO ALTO,EXAME MEDICO GERAL
2001,M,ALMIRANTE TAMANDARE,VILA PLANTA TANGUA                                ,EXAME MEDICO GERAL
2001,M,ALMIRANTE TAMANDARE,VILA PLANTA TANGUA                                ,EXAME MEDICO GERAL
1985,F,CURITIBA,CIDADE INDUSTRIAL,TOSSE
1985,F,CURITIBA,CIDADE INDUSTRIAL,TOSSE
1985,F,CURITIBA,CIDADE INDUSTRIAL,TOSSE
1969,M,CURITIBA,CAMPO DE SANTANA                                  ,TRANSTORNOS MENTAIS E COMPORT. DEVIDOS USO DE ALCOOL - SINDROME DE DEPENDENCIA
2004,F,CURITIBA,CAJURU,INFECCOES AGUDAS NAO ESPECIFICADA DAS VIAS AEREAS INFERIORES
2004,F,CURITIBA,CAJURU,DOR DE GARGANTA
1948,F,CURITIBA,BOQUEIRAO                                         ,EXAME MEDICO GERAL
1948,F,CURITIBA,BOQUEIRAO                                         ,EXAME MEDICO GERAL
1948,F,CURITIBA,BOQUEIRAO                                         ,EXAME MEDICO GERAL
1985,M,CURITIBA,CIDADE INDUSTRIAL,EXAME MEDICO GERAL
2009,F,CURITIBA,CACHOEIRA                                         ,EXAME MEDICO GERAL
1967,F,CURITIBA,CACHOEIRA                                         ,EXAME MEDICO GERAL
1984,F,CURITIBA,CIDADE INDUSTRIAL,DIARREIA E GASTROENTERITE DE ORIGEM INFECCIOSA PRESUMIVEL
1984,F,CURITIBA,CIDADE INDUSTRIAL,DIARREIA E GASTROENTERITE DE ORIGEM INFECCIOSA PRESUMIVEL
2017,F,CURITIBA,TATUQUARA                                         ,"DERMATITE ATOPICA, NAO ESPECIFICADA"
1992,F,ALMIRANTE TAMANDARE,CENTRO,INFECCAO NAO ESPECIFICADA DEVIDA AO VIRUS DO HERPES
1956,M,CURITIBA,ALTO BOQUEIRAO,HIPERTENSAO ESSENCIAL (PRIMARIA)
1956,F,CURITIBA,ALTO BOQUEIRAO,CAUSAS DESCONHECIDAS E NAO ESPECIFICADAS DE MORBIDADE
1974,M,CURITIBA,SITIO CERCADO,EMISSAO DE PRESCRICAO DE REPETICAO
1958,F,CURITIBA,MERCES                                            ,OUTROS TRANSTORNOS AFETIVOS BIPOLARES
1955,F,CURITIBA,ABRANCHES                                         ,HIPERTENSAO ESSENCIAL (PRIMARIA)
1943,F,CURITIBA,SITIO CERCADO,AMIGDALITE AGUDA NAO ESPECIFICADA
1943,F,CURITIBA,SITIO CERCADO,AMIGDALITE AGUDA NAO ESPECIFICADA
1943,F,CURITIBA,SITIO CERCADO,EMISSAO DE PRESCRICAO DE REPETICAO
2006,F,PINHAIS,CENTRO,NAUSEA E VOMITOS
1989,F,PINHAIS,VILA TARUMA                                       ,SINCOPE E COLAPSO
2014,F,CURITIBA,SAO BRAZ                                          ,"OTITE MEDIA NAO-SUPURATIVA, NAO ESPECIFICADA"
2014,F,CURITIBA,SAO BRAZ                                          ,AMIGDALITE AGUDA NAO ESPECIFICADA
1985,F,CURITIBA,SAO BRAZ                                          ,EXAME NAO ESPECIFICADO COM FINALIDADES ADMINISTRATIVAS
1981,F,CURITIBA,ALTO DA GLORIA                                    ,EXAME MEDICO GERAL
1981,F,CURITIBA,ALTO DA GLORIA                                    ,EXAME MEDICO GERAL
1981,F,CURITIBA,ALTO DA GLORIA                                    ,EXAME MEDICO GERAL
1981,F,CURITIBA,ALTO DA GLORIA                                    ,CRISE OU TEMPESTADE TIREOTOXICA
1993,M,CAMPO LARGO,VILA RIVABEM,INFECCAO AGUDA DAS VIAS AEREAS SUPERIORES NAO ESPECIFICADA
1964,F,CURITIBA,BOQUEIRAO                                         ,ESQUIZOFRENIA PARANOIDE
1964,F,CURITIBA,BOQUEIRAO                                         ,ESQUIZOFRENIA PARANOIDE
1951,M,CURITIBA,CIDADE INDUSTRIAL,DORSALGIA NAO ESPECIFICADA
1951,M,CURITIBA,CIDADE INDUSTRIAL,DIABETES MELLITUS NAO-INSULINO-DEPENDENTE - SEM COMPLICACOES
1980,F,CURITIBA,PAROLIN                                           ,OBSERVACAO POR SUSPEITA DE DOENCA OU AFECCAO NAO ESPECIFICADA
2014,F,CURITIBA,CIDADE INDUSTRIAL,AMIGDALITE AGUDA NAO ESPECIFICADA
2009,F,PIRAQUARA,BAIRRO NAO INFORMADO,BRONQUITE NAO ESPECIFICADA COMO AGUDA OU CRONICA
1978,F,CURITIBA,SAO BRAZ                                          ,EXAME MEDICO GERAL
1994,F,CURITIBA,UMBARA,EXAME MEDICO GERAL
1994,F,CURITIBA,UMBARA,EXAME MEDICO GERAL
1994,F,CURITIBA,UMBARA,EXAME GINECOLOGICO (GERAL) (DE ROTINA)
1975,M,CURITIBA,GANCHINHO                                         ,EMISSAO DE PRESCRICAO DE REPETICAO
1975,M,CURITIBA,GANCHINHO                                         ,OBTENCAO DE ATESTADO MEDICO
1975,M,CURITIBA,GANCHINHO                                         ,CERVICALGIA
1975,M,CURITIBA,GANCHINHO                                         ,CERVICALGIA
1992,F,CURITIBA,SAO FRANCISCO                                     ,AMIGDALITE AGUDA NAO ESPECIFICADA
2006,M,AGUDOS DO SUL,BAIRRO NAO INFORMADO,DOR EM MEMBRO
1982,M,CURITIBA,CIDADE INDUSTRIAL,DOR LOMBAR BAIXA
1997,F,CURITIBA,SITIO CERCADO,EXAME MEDICO GERAL
1980,M,CURITIBA,CIDADE INDUSTRIAL,TRANSTORNOS MENTAIS E COMPORT. DEVIDOS USO DE ALCOOL - SINDROME DE DEPENDENCIA
1948,F,CURITIBA,SANTO INACIO                                      ,DIVERTICULO GASTRICO
2004,M,CURITIBA,GUAIRA,OBESIDADE DEVIDA A EXCESSO DE CALORIAS
1963,M,CURITIBA,CIDADE INDUSTRIAL,PROCEDIMENTO NAO REALIZADO DEVIDO A DECISAO DO PACIENTE POR OUTRAS RAZOES E AS NAO ESPECIFICADAS
1963,M,CURITIBA,CIDADE INDUSTRIAL,EFEITO TOXICO DO VENENO DE ARANHA
1963,M,CURITIBA,CIDADE INDUSTRIAL,EXAME MEDICO GERAL
1993,M,CURITIBA,SITIO CERCADO,BRONQUITE AGUDA NAO ESPECIFICADA
2018,M,CURITIBA,BARREIRINHA                                       ,FEBRE NAO ESPECIFICADA
2018,M,CURITIBA,BARREIRINHA                                       ,EXAME DE ROTINA DE SAUDE DA CRIANCA
2018,M,CURITIBA,BARREIRINHA                                       ,DOR AGUDA
2018,M,CURITIBA,BARREIRINHA                                       ,PROCEDIMENTO NAO REALIZADO DEVIDO A DECISAO DO PACIENTE POR OUTRAS RAZOES E AS NAO ESPECIFICADAS
2007,F,CURITIBA,CIDADE INDUSTRIAL,DOENCA NAO ESPECIFICADA DAS VIAS AEREAS SUPERIORES
1985,F,CURITIBA,CIDADE INDUSTRIAL,CALOS E CALOSIDADES
1985,F,CURITIBA,CIDADE INDUSTRIAL,INFECCAO AGUDA DAS VIAS AEREAS SUPERIORES NAO ESPECIFICADA
2009,F,COLOMBO,CENTRO,"DOR TORACICA, NAO ESPECIFICADA"
2009,F,COLOMBO,CENTRO,"DOR TORACICA, NAO ESPECIFICADA"
1997,F,CURITIBA,CIDADE INDUSTRIAL,"DOR TORACICA, NAO ESPECIFICADA"
2008,M,CURITIBA,BOQUEIRAO                                         ,FERIMENTO PENETRANTE DO GLOBO OCULAR COM CORPO ESTRANHO
2008,M,CURITIBA,BOQUEIRAO                                         ,FERIMENTO PENETRANTE DO GLOBO OCULAR COM CORPO ESTRANHO
2008,M,CURITIBA,BOQUEIRAO                                         ,"DOR TORACICA, NAO ESPECIFICADA"
1963,F,CURITIBA,BOQUEIRAO                                         ,EXAME MEDICO GERAL
1963,F,CURITIBA,BOQUEIRAO                                         ,DORSALGIA NAO ESPECIFICADA
1958,M,CURITIBA,CAXIMBA                                           ,OUTROS EXAMES PARA PROPOSITOS ADMINISTRATIVOS
1944,M,CURITIBA,CAXIMBA                                           ,RINITE ALERGICA NAO ESPECIFICADA
1944,M,CURITIBA,CAXIMBA                                           ,HIPERGLICEMIA NAO ESPECIFICADA
1944,M,CURITIBA,CAXIMBA                                           ,DIABETES MELLITUS NAO ESPECIFICADO - SEM COMPLICACOES
1969,F,CURITIBA,CAXIMBA                                           ,OUTROS TRANSTORNOS DO HUMOR [AFETIVOS] PERSISTENTES
1969,F,CURITIBA,CAXIMBA                                           ,"TRANSTORNO AFETIVO BIPOLAR, EPISODIO ATUAL MISTO"
1954,F,CURITIBA,SANTA QUITERIA                                    ,EXAME DE LABORATORIO
2004,F,CURITIBA,PINHEIRINHO                                       ,EXAME DE ROTINA DE SAUDE DA CRIANCA
2004,F,CURITIBA,PINHEIRINHO                                       ,DIARREIA E GASTROENTERITE DE ORIGEM INFECCIOSA PRESUMIVEL
1945,F,CURITIBA,PINHEIRINHO                                       ,INCONTINENCIA URINARIA NAO ESPECIFICADA
1967,M,CURITIBA,CIDADE INDUSTRIAL,DIARREIA E GASTROENTERITE DE ORIGEM INFECCIOSA PRESUMIVEL
1932,F,CURITIBA,CIDADE INDUSTRIAL,DOR ARTICULAR
1932,F,CURITIBA,CIDADE INDUSTRIAL,URTICARIA ALERGICA
1963,F,CURITIBA,CIDADE INDUSTRIAL,DOR LOCALIZADA NO ABDOME SUPERIOR
1960,M,ALMIRANTE TAMANDARE,VILA PLANTA TANGUA                                ,"AFECCOES DA PELE E DO TECIDO SUBCUTANEO, NAO ESPECIFICADOS"
2017,F,CURITIBA,ATUBA                                             ,TOSSE
2010,M,COLOMBO,CENTRO,ESTADO DE MAL ASMATICO
2010,M,COLOMBO,CENTRO,ESTADO DE MAL ASMATICO
1948,M,CURITIBA,XAXIM                                             ,DISIDROSE [POMPHOLYX]
1983,F,COLOMBO,NAO INFORMADO,OUTRAS DORES ABDOMINAIS E AS NAO ESPECIFICADAS
1991,F,CURITIBA,ATUBA                                             ,DOENCA INFLAMATORIA DO COLO DO UTERO
1958,F,COLOMBO,OUTROS,DIABETES MELLITUS NAO ESPECIFICADO - SEM COMPLICACOES
1958,F,COLOMBO,OUTROS,DIABETES MELLITUS NAO ESPECIFICADO - SEM COMPLICACOES
1988,F,CURITIBA,CAMPO DE SANTANA                                  ,AMIGDALITE AGUDA DEVIDA A OUTROS MICROORGANISMOS ESPECIFICADOS
1944,F,CURITIBA,REBOUCAS                                          ,DOENCA ISQUEMICA CRONICA DO CORACAO NAO ESPECIFICADA
2004,F,CAMPO LARGO,BAIRRO FERRARI                                    ,OUTRAS DORES ABDOMINAIS E AS NAO ESPECIFICADAS
2004,F,CAMPO LARGO,BAIRRO FERRARI                                    ,OUTRAS DORES ABDOMINAIS E AS NAO ESPECIFICADAS
2004,F,CAMPO LARGO,BAIRRO FERRARI                                    ,PIROSE
1976,F,CURITIBA,PINHEIRINHO                                       ,OUTRAS DORES ABDOMINAIS E AS NAO ESPECIFICADAS
1975,F,COLOMBO,NAO INFORMADO,PROCEDIMENTO NAO REALIZADO DEVIDO A DECISAO DO PACIENTE POR OUTRAS RAZOES E AS NAO ESPECIFICADAS
2016,M,CURITIBA,CIDADE INDUSTRIAL,"OUTRAS GASTROENTERITES E COLITES ESPECIFICADAS, NAO-INFECCIOSAS"
2016,M,CURITIBA,CIDADE INDUSTRIAL,FEBRE NAO ESPECIFICADA
2016,M,CURITIBA,CIDADE INDUSTRIAL,INFECCAO AGUDA DAS VIAS AEREAS SUPERIORES NAO ESPECIFICADA
2016,M,CURITIBA,CIDADE INDUSTRIAL,NASOFARINGITE AGUDA [RESFRIADO COMUM]
1982,F,CURITIBA,CIDADE INDUSTRIAL,CEFALEIA
1982,F,CURITIBA,CIDADE INDUSTRIAL,CEFALEIA
1982,F,CURITIBA,CIDADE INDUSTRIAL,CEFALEIA
1982,F,CURITIBA,CIDADE INDUSTRIAL,CEFALEIA
1982,F,CURITIBA,CIDADE INDUSTRIAL,NASOFARINGITE AGUDA [RESFRIADO COMUM]
1997,M,CURITIBA,CIDADE INDUSTRIAL,PROCEDIMENTO NAO REALIZADO POR RAZAO NAO ESPECIFICADA
1979,M,CURITIBA,CIDADE INDUSTRIAL,TOSSE
1979,M,CURITIBA,CIDADE INDUSTRIAL,TOSSE
2000,M,CURITIBA,BOQUEIRAO                                         ,"GASTROENTERITE E COLITE NAO-INFECCIOSAS, NAO ESPECIFICADAS"
2001,F,CURITIBA,SITIO CERCADO,NAUSEA E VOMITOS
1987,M,CURITIBA,TATUQUARA                                         ,DOR ARTICULAR
2011,F,COLOMBO,CENTRO,OTITE MEDIA NAO ESPECIFICADA
1995,F,CURITIBA,CIDADE INDUSTRIAL,EPISODIO DEPRESSIVO LEVE
1967,M,CURITIBA,CIDADE INDUSTRIAL,PNEUMONIA NAO ESPECIFICADA
1967,M,CURITIBA,CIDADE INDUSTRIAL,PNEUMONIA NAO ESPECIFICADA
1967,M,CURITIBA,CIDADE INDUSTRIAL,EXAME MEDICO GERAL
2017,F,CURITIBA,PILARZINHO,FEBRE NAO ESPECIFICADA
2017,F,CURITIBA,PILARZINHO,BRONQUIOLITE AGUDA DEVIDA A OUTROS MICROORGANISMOS ESPECIFICADOS
1975,M,CURITIBA,CAJURU,TRAUMATISMOS MULTIPLOS NAO ESPECIFICADOS
1975,M,CURITIBA,CAJURU,TOSSE
1964,M,CURITIBA,SITIO CERCADO,OUTRA DOR CRONICA
1964,M,CURITIBA,SITIO CERCADO,EXAME MEDICO GERAL
1990,M,CURITIBA,CIDADE INDUSTRIAL,CEFALEIA
1990,M,CURITIBA,CIDADE INDUSTRIAL,CEFALEIA
1995,F,CAMPINA GRANDE DO SUL,CENTRO                                            ,EXAME MEDICO GERAL
1995,F,CAMPINA GRANDE DO SUL,CENTRO                                            ,EXAME MEDICO GERAL
1988,F,CURITIBA,CIDADE INDUSTRIAL,NASOFARINGITE AGUDA [RESFRIADO COMUM]
1988,F,CURITIBA,CIDADE INDUSTRIAL,"SUPERVISAO DE GRAVIDEZ NORMAL, NAO ESPECIFICADA"
1988,F,CURITIBA,CIDADE INDUSTRIAL,"SUPERVISAO DE GRAVIDEZ NORMAL, NAO ESPECIFICADA"
1988,M,CURITIBA,UMBARA,LESAO NAO ESPECIFICADA DO OMBRO
1943,F,CURITIBA,MERCES                                            ,SINDROME DO LINFEDEMA POS-MASTECTOMIA
1993,F,CURITIBA,TATUQUARA                                         ,INFECCAO AGUDA DAS VIAS AEREAS SUPERIORES NAO ESPECIFICADA
1993,F,CURITIBA,TATUQUARA                                         ,INFECCAO AGUDA DAS VIAS AEREAS SUPERIORES NAO ESPECIFICADA
1987,F,PIRAQUARA,BAIRRO NAO INFORMADO,DOR LOMBAR BAIXA
1961,M,CURITIBA,CIDADE INDUSTRIAL,"DOENCA ALCOOLICA DO FIGADO, SEM OUTRA ESPECIFICACAO"
1997,F,CURITIBA,CRISTO REI                                        ,"ENXAQUECA, SEM ESPECIFICACAO"
1997,F,CURITIBA,CRISTO REI                                        ,CEFALEIA
1978,F,COLOMBO,CENTRO,BRONQUITE AGUDA NAO ESPECIFICADA
1978,F,COLOMBO,CENTRO,BRONQUITE AGUDA NAO ESPECIFICADA
1981,F,CURITIBA,CAPAO RASO,RINITE ALERGICA NAO ESPECIFICADA
1962,F,CURITIBA,PINHEIRINHO                                       ,EXAME MEDICO GERAL
1959,M,CURITIBA,TATUQUARA                                         ,HIPERTENSAO ESSENCIAL (PRIMARIA)
1998,M,CURITIBA,PAROLIN                                           ,FARINGITE AGUDA NAO ESPECIFICADA
1965,F,CURITIBA,CAJURU,PESSOA QUE CONSULTA PARA EXPLICACAO DE ACHADOS DE EXAME
1989,F,CURITIBA,NOVO MUNDO,"SUPERVISAO DE GRAVIDEZ NORMAL, NAO ESPECIFICADA"
2008,M,CURITIBA,PAROLIN                                           ,FARINGITE AGUDA NAO ESPECIFICADA
2008,M,CURITIBA,PAROLIN                                           ,FARINGITE AGUDA NAO ESPECIFICADA
2002,M,CURITIBA,PAROLIN                                           ,"EPILEPSIA, NAO ESPECIFICADA"
2002,M,CURITIBA,PAROLIN                                           ,"EPILEPSIA, NAO ESPECIFICADA"
1967,F,CURITIBA,PAROLIN                                           ,DORSALGIA NAO ESPECIFICADA
1967,F,CURITIBA,PAROLIN                                           ,NASOFARINGITE AGUDA [RESFRIADO COMUM]
1967,F,CURITIBA,PAROLIN                                           ,AMIGDALITE AGUDA NAO ESPECIFICADA
1985,F,CURITIBA,BOQUEIRAO                                         ,ENXAQUECA SEM AURA [ENXAQUECA COMUM]
1962,F,CURITIBA,AHU                                               ,DOR NAO ESPECIFICADA
1981,M,CURITIBA,PINHEIRINHO                                       ,EMISSAO DE PRESCRICAO DE REPETICAO
1982,F,CURITIBA,PINHEIRINHO                                       ,"SUPERVISAO DE GRAVIDEZ NORMAL, NAO ESPECIFICADA"
1982,F,CURITIBA,PINHEIRINHO                                       ,"SUPERVISAO DE GRAVIDEZ NORMAL, NAO ESPECIFICADA"
1982,F,CURITIBA,PINHEIRINHO                                       ,"SUPERVISAO DE GRAVIDEZ NORMAL, NAO ESPECIFICADA"
1982,F,CURITIBA,PINHEIRINHO                                       ,"SUPERVISAO DE GRAVIDEZ NORMAL, NAO ESPECIFICADA"
1982,F,CURITIBA,PINHEIRINHO                                       ,"SUPERVISAO DE GRAVIDEZ NORMAL, NAO ESPECIFICADA"
2018,M,CURITIBA,SAO BRAZ                                          ,NASOFARINGITE AGUDA [RESFRIADO COMUM]
2018,M,CURITIBA,SAO BRAZ                                          ,EXAME DE ROTINA DE SAUDE DA CRIANCA
2018,M,CURITIBA,SAO BRAZ                                          ,EXAME DE ROTINA DE SAUDE DA CRIANCA
1991,F,CURITIBA,REBOUCAS                                          ,NAUSEA E VOMITOS
1991,F,CURITIBA,REBOUCAS                                          ,PESSOA EM BOA SAUDE ACOMPANHANDO PESSOA DOENTE
2007,F,CURITIBA,REBOUCAS                                          ,SINDROME DA JUNCAO CONDROCOSTAL [TIETZE]
2007,F,CURITIBA,REBOUCAS                                          ,NASOFARINGITE AGUDA [RESFRIADO COMUM]
2007,F,CURITIBA,REBOUCAS                                          ,NASOFARINGITE AGUDA [RESFRIADO COMUM]
2007,F,CURITIBA,REBOUCAS                                          ,FEBRE NAO ESPECIFICADA
1993,M,CURITIBA,CIDADE INDUSTRIAL,AMIGDALITE AGUDA NAO ESPECIFICADA
1995,F,COLOMBO,CENTRO,OUTRAS SINUSITES AGUDAS
2012,F,CURITIBA,CAMPO DE SANTANA                                  ,NASOFARINGITE AGUDA [RESFRIADO COMUM]
1966,F,CURITIBA,CAMPO DE SANTANA                                  ,DISPNEIA
1966,F,CURITIBA,CAMPO DE SANTANA                                  ,EXAME DE LABORATORIO
1991,F,CURITIBA,CIDADE INDUSTRIAL,INFECCAO AGUDA DAS VIAS AEREAS SUPERIORES NAO ESPECIFICADA
2010,F,CURITIBA,UBERABA,NASOFARINGITE AGUDA [RESFRIADO COMUM]
2010,F,CURITIBA,UBERABA,NASOFARINGITE AGUDA [RESFRIADO COMUM]
2010,F,CURITIBA,UBERABA,EMISSAO DE PRESCRICAO DE REPETICAO
2010,F,CURITIBA,UBERABA,EMISSAO DE PRESCRICAO DE REPETICAO
1946,F,CURITIBA,PORTAO                                            ,EXAME MEDICO GERAL
1983,M,CURITIBA,BARREIRINHA                                       ,OBESIDADE NAO ESPECIFICADA
1983,M,CURITIBA,BARREIRINHA                                       ,OBESIDADE NAO ESPECIFICADA
1986,F,CURITIBA,BARREIRINHA                                       ,INSERCAO DE DISPOSITIVO ANTICONCEPCIONAL (INTRA-UTERINO)
2011,M,PIRAQUARA,GUARITUBA,PROCEDIMENTO NAO REALIZADO POR OUTRAS RAZOES
1967,F,CURITIBA,BACACHERI,ESTADO DA MENOPAUSA E DO CLIMATERIO FEMININO
1968,F,CURITIBA,SITIO CERCADO,ANEMIA NAO ESPECIFICADA
1989,F,ALMIRANTE TAMANDARE,BAIRRO NAO INFORMADO,INFECCAO AGUDA DAS VIAS AEREAS SUPERIORES NAO ESPECIFICADA
1989,F,ALMIRANTE TAMANDARE,BAIRRO NAO INFORMADO,NASOFARINGITE AGUDA [RESFRIADO COMUM]
1989,F,ALMIRANTE TAMANDARE,BAIRRO NAO INFORMADO,CERVICALGIA
1984,M,CURITIBA,CIDADE INDUSTRIAL,CERATOCONJUNTIVITE
1984,M,CURITIBA,CIDADE INDUSTRIAL,CERATOCONJUNTIVITE
1952,F,CURITIBA,BAIRRO ALTO,EXAME MEDICO GERAL
1991,F,CURITIBA,UBERABA,NASOFARINGITE AGUDA [RESFRIADO COMUM]
1961,F,COLOMBO,CENTRO,DOR ARTICULAR
1981,M,CURITIBA,ATUBA                                             ,EXAME DE SEGUIMENTO APOS OUTRO TRATAMENTO POR OUTRAS AFECCOES
1981,M,CURITIBA,ATUBA                                             ,EXAME MEDICO GERAL
1980,F,CURITIBA,ATUBA                                             ,GRAVIDEZ (AINDA) NAO CONFIRMADA
1980,F,CURITIBA,ATUBA                                             ,GRAVIDEZ (AINDA) NAO CONFIRMADA
1980,F,CURITIBA,ATUBA                                             ,INFECCAO NAO ESPECIFICADA DO TRATO URINARIO NA GRAVIDEZ
1980,F,CURITIBA,ATUBA                                             ,"SIFILIS COMPLICANDO A GRAVIDEZ, O PARTO E O PUERPERIO"
1980,F,CURITIBA,ATUBA                                             ,"SIFILIS COMPLICANDO A GRAVIDEZ, O PARTO E O PUERPERIO"
1980,F,CURITIBA,ATUBA                                             ,SUPERVISAO DE OUTRA GRAVIDEZ NORMAL
1980,F,CURITIBA,ATUBA                                             ,EXAME ESPECIAL DE RASTREAMENTO DE NEOPLASIA DO COLO DO UTERO
1988,F,CURITIBA,ATUBA                                             ,EDEMA GENERALIZADO
1988,F,CURITIBA,ATUBA                                             ,EDEMA GENERALIZADO
1988,F,CURITIBA,ATUBA                                             ,EDEMA GENERALIZADO
2018,F,CURITIBA,UBERABA,EXAME DE ROTINA DE SAUDE DA CRIANCA
2018,F,CURITIBA,UBERABA,NASOFARINGITE AGUDA [RESFRIADO COMUM]
1979,F,CURITIBA,UBERABA,CEFALEIA
1955,M,CURITIBA,BOQUEIRAO                                         ,EXAME MEDICO GERAL
1955,M,CURITIBA,BOQUEIRAO                                         ,DOR PRECORDIAL
1976,F,CURITIBA,CIDADE INDUSTRIAL,CISTITE AGUDA
1976,F,CURITIBA,CIDADE INDUSTRIAL,EXAME MEDICO GERAL
1976,F,CURITIBA,CIDADE INDUSTRIAL,DOENCA NAO ESPECIFICADA DAS VIAS AEREAS SUPERIORES
1988,F,BOCAIUVA DO SUL,BAIRRO NAO INFORMADO                              ,DIABETES MELLITUS NAO ESPECIFICADO - SEM COMPLICACOES
1986,F,CURITIBA,CIDADE INDUSTRIAL,CONDUTOR TRAUM. EM COLISAO C/OUT. VEIC. E C/VEICULOS NAO ESPECIF. A MOTOR EM UM ACIDENTE DE TRANSITO
2017,M,CURITIBA,SITIO CERCADO,FARINGITE AGUDA NAO ESPECIFICADA
1954,F,FAZENDA RIO GRANDE,NACOES                                            ,TOSSE
2016,M,CURITIBA,BOQUEIRAO                                         ,RINITE ALERGICA NAO ESPECIFICADA
2016,M,CURITIBA,BOQUEIRAO                                         ,EXAME DE ROTINA DE SAUDE DA CRIANCA
2016,M,CURITIBA,BOQUEIRAO                                         ,TOSSE
2016,M,CURITIBA,BOQUEIRAO                                         ,TOSSE
1981,F,CURITIBA,TATUQUARA                                         ,NASOFARINGITE AGUDA [RESFRIADO COMUM]
1960,F,CURITIBA,UBERABA,CISTITE AGUDA
1990,F,CURITIBA,CAPAO RASO,AMIGDALITE ESTREPTOCOCICA
1954,F,CURITIBA,UBERABA,INFECCAO DO TRATO URINARIO DE LOCALIZACAO NAO ESPECIFICADA
1974,M,CURITIBA,BOQUEIRAO                                         ,"DOR TORACICA, NAO ESPECIFICADA"
1989,F,CURITIBA,UBERABA,DOR PRECORDIAL
1961,F,CURITIBA,PORTAO                                            ,EXAME MEDICO GERAL
1961,F,CURITIBA,PORTAO                                            ,EXAME MEDICO GERAL
1961,F,CURITIBA,PORTAO                                            ,EXAME MEDICO GERAL
1961,F,CURITIBA,PORTAO                                            ,EXAME MEDICO GERAL
1972,F,FAZENDA RIO GRANDE,OUTROS                                            ,"DOR TORACICA, NAO ESPECIFICADA"
1986,M,CURITIBA,UBERABA,PROCEDIMENTO NAO REALIZADO DEVIDO A DECISAO DO PACIENTE POR OUTRAS RAZOES E AS NAO ESPECIFICADAS
1999,F,CURITIBA,AGUA VERDE,FARINGITE AGUDA NAO ESPECIFICADA
1999,F,CURITIBA,AGUA VERDE,NEVRALGIA E NEURITE NAO ESPECIFICADAS
1999,F,CURITIBA,AGUA VERDE,NEVRALGIA E NEURITE NAO ESPECIFICADAS
1999,F,CURITIBA,AGUA VERDE,NASOFARINGITE AGUDA [RESFRIADO COMUM]
1999,F,CURITIBA,AGUA VERDE,MIALGIA
1999,F,CURITIBA,AGUA VERDE,MIALGIA
2004,F,PINHAIS,ATUBA II                                          ,AMIGDALITE AGUDA NAO ESPECIFICADA
1994,M,COLOMBO,CENTRO,"INFLUENZA COM OUTRAS MANIFESTACOES RESPIRATORIAS, DEVIDA A OUTRO VIRUS DA INFLUENZA IDENTIFICADO"
1994,M,COLOMBO,CENTRO,"INFLUENZA COM OUTRAS MANIFESTACOES RESPIRATORIAS, DEVIDA A OUTRO VIRUS DA INFLUENZA IDENTIFICADO"
1986,F,CURITIBA,BOQUEIRAO                                         ,DOR LOMBAR BAIXA
1984,F,CURITIBA,CENTRO                                            ,DISURIA
1995,F,CAMPO LARGO,CENTRO                                            ,TOSSE
1950,F,CURITIBA,CAPAO DA IMBUIA,EXAME MEDICO GERAL
1950,F,CURITIBA,CAPAO DA IMBUIA,EXAME MEDICO GERAL
2017,F,CURITIBA,SAO BRAZ                                          ,NASOFARINGITE AGUDA [RESFRIADO COMUM]
2018,M,CURITIBA,SITIO CERCADO,EXAME DE ROTINA DE SAUDE DA CRIANCA
1974,M,CURITIBA,TATUQUARA                                         ,EMISSAO DE PRESCRICAO DE REPETICAO
1952,F,CURITIBA,TATUQUARA                                         ,DOR LOMBAR BAIXA
1952,F,CURITIBA,TATUQUARA                                         ,DOR LOMBAR BAIXA
2005,F,CURITIBA,CAPAO RASO,NASOFARINGITE AGUDA [RESFRIADO COMUM]
1993,F,CURITIBA,PRADO VELHO                                       ,"GASTROENTERITE E COLITE NAO-INFECCIOSAS, NAO ESPECIFICADAS"
1993,F,CURITIBA,PRADO VELHO                                       ,"GASTROENTERITE E COLITE NAO-INFECCIOSAS, NAO ESPECIFICADAS"
1999,F,CURITIBA,PRADO VELHO                                       ,NASOFARINGITE AGUDA [RESFRIADO COMUM]
1999,F,CURITIBA,PRADO VELHO                                       ,NASOFARINGITE AGUDA [RESFRIADO COMUM]
1984,F,CURITIBA,PRADO VELHO                                       ,CEFALEIA
1984,F,CURITIBA,PRADO VELHO                                       ,HIPERTENSAO ESSENCIAL (PRIMARIA)
1984,F,CURITIBA,PRADO VELHO                                       ,DIABETES MELLITUS NAO ESPECIFICADO - SEM COMPLICACOES
1962,F,CURITIBA,CENTRO                                            ,TOSSE
1934,F,CAMPO LARGO,BAIRRO NAO INFORMADO,NASOFARINGITE AGUDA [RESFRIADO COMUM]
1995,F,CAMPO LARGO,JARDIM GUARANY,AMIGDALITE AGUDA NAO ESPECIFICADA
1995,F,CAMPO LARGO,JARDIM GUARANY,CERUME IMPACTADO
1995,F,CAMPO LARGO,JARDIM GUARANY,CERUME IMPACTADO
1995,F,CAMPO LARGO,JARDIM GUARANY,NAUSEA E VOMITOS
1998,F,CURITIBA,CENTRO                                            ,DOR AGUDA
1941,F,CURITIBA,BATEL                                             ,EMISSAO DE PRESCRICAO DE REPETICAO
1941,F,CURITIBA,BATEL                                             ,EMISSAO DE PRESCRICAO DE REPETICAO
1953,F,CURITIBA,ALTO BOQUEIRAO,HIPERTENSAO ESSENCIAL (PRIMARIA)
1942,M,CURITIBA,TARUMA                                            ,EXAME E OBSERVACAO POR OUTRAS RAZOES ESPECIFICADAS
1942,M,CURITIBA,TARUMA                                            ,EMISSAO DE PRESCRICAO DE REPETICAO
1942,M,CURITIBA,TARUMA                                            ,MORDEDURA/GOLPE PROVOCADO POR CAO - AREA PARA A PRATICA DE ESPORTES E ATLETISMO
1952,F,CURITIBA,TARUMA                                            ,EMISSAO DE PRESCRICAO DE REPETICAO
1952,F,CURITIBA,TARUMA                                            ,EMISSAO DE PRESCRICAO DE REPETICAO
1952,F,CURITIBA,TARUMA                                            ,EMISSAO DE PRESCRICAO DE REPETICAO
1985,F,CURITIBA,CIDADE INDUSTRIAL,"SUPERVISAO DE GRAVIDEZ NORMAL, NAO ESPECIFICADA"
1985,F,CURITIBA,CIDADE INDUSTRIAL,DOR LOMBAR BAIXA
1971,F,CURITIBA,TATUQUARA                                         ,CEFALEIA
1971,F,CURITIBA,TATUQUARA                                         ,CEFALEIA
1971,F,CURITIBA,TATUQUARA                                         ,INSONIA NAO-ORGANICA
1971,F,CURITIBA,TATUQUARA                                         ,DOR CRONICA INTRATAVEL
1998,M,CURITIBA,BIGORRILHO,ALERGIA NAO ESPECIFICADA
1972,M,CURITIBA,CAJURU,EXAME DE SEGUIMENTO APOS OUTRO TRATAMENTO POR OUTRAS AFECCOES
1937,F,CURITIBA,ATUBA                                             ,EXAME NAO ESPECIFICADO COM FINALIDADES ADMINISTRATIVAS
1989,F,CURITIBA,XAXIM                                             ,EXAME GINECOLOGICO (GERAL) (DE ROTINA)
1973,F,CURITIBA,SITIO CERCADO,AMIGDALITE AGUDA NAO ESPECIFICADA
2014,F,CURITIBA,HAUER                                             ,"VIRUS SINCICIAL RESPIRATORIO, COMO CAUSA DE DOENCAS CLASSIFICADAS EM OUTROS CAPITULOS"
2007,M,CURITIBA,CAJURU,ERISIPELA
1955,F,CURITIBA,CIDADE INDUSTRIAL,HIPERTENSAO ESSENCIAL (PRIMARIA)
1955,F,CURITIBA,CIDADE INDUSTRIAL,INSONIA NAO-ORGANICA
1990,F,CURITIBA,CIDADE INDUSTRIAL,FIBROMIALGIA
1963,F,CURITIBA,CAMPO DE SANTANA                                  ,CEFALEIA
1984,M,CURITIBA,CAMPO DE SANTANA                                  ,SINUSITE AGUDA NAO ESPECIFICADA
1980,F,CURITIBA,BARREIRINHA                                       ,CISTITE AGUDA
1980,F,CURITIBA,BARREIRINHA                                       ,CISTITE AGUDA
1945,F,CURITIBA,BARREIRINHA                                       ,TOSSE
1949,F,CURITIBA,XAXIM                                             ,"ACHADOS ANORMAIS, DE EXAMES PARA DIAGNOSTICO POR IMAGEM, DA MAMA"
1949,F,CURITIBA,XAXIM                                             ,PROCEDIMENTO NAO REALIZADO DEVIDO A DECISAO DO PACIENTE POR OUTRAS RAZOES E AS NAO ESPECIFICADAS
1981,M,CURITIBA,CAJURU,FERIMENTO DE OUTRAS PARTES DO PUNHO E DA MAO
1981,F,CURITIBA,BOQUEIRAO                                         ,AGRESSAO POR OUTROS MEIOS ESPECIFICADOS - AREAS DE COMERCIO E DE SERVICOS
2010,M,COLOMBO,NAO INFORMADO,INFECCAO AGUDA DAS VIAS AEREAS SUPERIORES NAO ESPECIFICADA
2010,M,COLOMBO,NAO INFORMADO,"INFLUENZA [GRIPE] COM OUTRAS MANIFESTACOES RESPIRATORIAS, DEVIDA A VIRUS NAO IDENTIFICADO"
1988,F,CURITIBA,BOA VISTA                                         ,NASOFARINGITE AGUDA [RESFRIADO COMUM]
2015,M,CURITIBA,PILARZINHO,NASOFARINGITE AGUDA [RESFRIADO COMUM]
2015,M,CURITIBA,PILARZINHO,NASOFARINGITE AGUDA [RESFRIADO COMUM]
2015,M,CURITIBA,PILARZINHO,INFECCAO AGUDA DAS VIAS AEREAS SUPERIORES NAO ESPECIFICADA
2015,M,CURITIBA,PILARZINHO,SINUSITE AGUDA NAO ESPECIFICADA
1995,F,CURITIBA,PILARZINHO,DIARREIA E GASTROENTERITE DE ORIGEM INFECCIOSA PRESUMIVEL
2017,M,CURITIBA,PILARZINHO,EXAME DE ROTINA DE SAUDE DA CRIANCA
2012,M,CURITIBA,UBERABA,OUTRAS DORES ABDOMINAIS E AS NAO ESPECIFICADAS
2012,M,CURITIBA,UBERABA,ALERGIA NAO ESPECIFICADA
1997,F,CURITIBA,CENTRO                                            ,CEFALEIA
1992,F,CURITIBA,SITIO CERCADO,OUTRAS DORES ABDOMINAIS E AS NAO ESPECIFICADAS
1992,F,CURITIBA,SITIO CERCADO,OUTRAS DORES ABDOMINAIS E AS NAO ESPECIFICADAS
1992,F,CURITIBA,SITIO CERCADO,NAUSEA E VOMITOS
1999,M,CURITIBA,UBERABA,INFECCAO AGUDA DAS VIAS AEREAS SUPERIORES NAO ESPECIFICADA
1972,F,SAO JOSE DOS PINHAIS,AFONSO PENA 02                                    ,TOSSE
1990,M,CURITIBA,CIDADE INDUSTRIAL,NASOFARINGITE AGUDA [RESFRIADO COMUM]
1996,M,ALMIRANTE TAMANDARE,BAIRRO NAO INFORMADO,ENXAQUECA SEM AURA [ENXAQUECA COMUM]
1950,F,CURITIBA,CIDADE INDUSTRIAL,"INFECCAO LOCALIZADA DA PELE E DO TECIDO SUBCUTANEO, NAO ESPECIFICADA"
1999,F,CURITIBA,PINHEIRINHO                                       ,"GASTROENTERITE E COLITE NAO-INFECCIOSAS, NAO ESPECIFICADAS"
1982,M,CURITIBA,TATUQUARA                                         ,"INFLUENZA [GRIPE] COM OUTRAS MANIFESTACOES RESPIRATORIAS, DEVIDA A VIRUS NAO IDENTIFICADO"
1980,F,CURITIBA,TATUQUARA                                         ,EXAME MEDICO GERAL
1980,F,CURITIBA,TATUQUARA                                         ,OUTROS TRANSTORNOS AFETIVOS BIPOLARES
1980,F,CURITIBA,TATUQUARA                                         ,OUTROS TRANSTORNOS AFETIVOS BIPOLARES
1980,F,CURITIBA,TATUQUARA                                         ,OUTROS EXAMES PARA PROPOSITOS ADMINISTRATIVOS
1980,F,CURITIBA,TATUQUARA                                         ,PROCEDIMENTO NAO REALIZADO DEVIDO A DECISAO DO PACIENTE POR OUTRAS RAZOES E AS NAO ESPECIFICADAS
2015,M,CURITIBA,SITIO CERCADO,CONJUNTIVITE AGUDA NAO ESPECIFICADA
1983,M,CURITIBA,SITIO CERCADO,COLICA NEFRETICA NAO ESPECIFICADA
1983,M,CURITIBA,SITIO CERCADO,COLICA NEFRETICA NAO ESPECIFICADA
2018,M,CURITIBA,SITIO CERCADO,EXAME DE ROTINA DE SAUDE DA CRIANCA
2003,M,CURITIBA,SITIO CERCADO,EXAME DE ROTINA DE SAUDE DA CRIANCA
1998,F,CURITIBA,SITIO CERCADO,INFECCAO AGUDA DAS VIAS AEREAS SUPERIORES NAO ESPECIFICADA
1998,F,CURITIBA,SITIO CERCADO,AMIGDALITE AGUDA NAO ESPECIFICADA
1998,F,CURITIBA,SITIO CERCADO,AMIGDALITE AGUDA NAO ESPECIFICADA
1998,F,CURITIBA,SITIO CERCADO,AMIGDALITE AGUDA NAO ESPECIFICADA
1982,F,CURITIBA,PINHEIRINHO                                       ,DOR LOMBAR BAIXA
1982,F,CURITIBA,PINHEIRINHO                                       ,DOR LOMBAR BAIXA
1982,F,CURITIBA,PINHEIRINHO                                       ,DOR LOMBAR BAIXA
1982,F,CURITIBA,PINHEIRINHO                                       ,DOR LOMBAR BAIXA
1982,F,CURITIBA,PINHEIRINHO                                       ,DOR LOMBAR BAIXA
1982,F,CURITIBA,PINHEIRINHO                                       ,DOR LOMBAR BAIXA
2009,F,CURITIBA,CIDADE INDUSTRIAL,INFECCAO AGUDA DAS VIAS AEREAS SUPERIORES NAO ESPECIFICADA
1953,M,CURITIBA,CIDADE INDUSTRIAL,EMISSAO DE PRESCRICAO DE REPETICAO
1990,F,CURITIBA,UBERABA,EXAME GINECOLOGICO (GERAL) (DE ROTINA)
1990,F,CURITIBA,UBERABA,EXAME GINECOLOGICO (GERAL) (DE ROTINA)
2001,M,CURITIBA,BARREIRINHA                                       ,EXAME DO ADOLESCENTE DURANTE O CRESCIMENTO NA PUBERDADE
1996,F,CURITIBA,BARREIRINHA                                       ,AMIGDALITE AGUDA NAO ESPECIFICADA
1996,F,CURITIBA,BARREIRINHA                                       ,AMIGDALITE AGUDA NAO ESPECIFICADA
1996,F,CURITIBA,BARREIRINHA                                       ,"SIFILIS LATENTE, NAO ESPECIFICADA SE RECENTE OU TARDIA"
1996,F,CURITIBA,BARREIRINHA                                       ,"SIFILIS LATENTE, NAO ESPECIFICADA SE RECENTE OU TARDIA"
1973,F,CURITIBA,BARREIRINHA                                       ,COLICA NEFRETICA NAO ESPECIFICADA
1973,F,CURITIBA,BARREIRINHA                                       ,INFECCAO DO TRATO URINARIO DE LOCALIZACAO NAO ESPECIFICADA
1994,F,CURITIBA,CAPAO RASO,DOR LOCALIZADA NO ABDOME SUPERIOR
1996,F,CURITIBA,FAZENDINHA,CANDIDIASE DA VULVA E DA VAGINA
1983,M,CERRO AZUL,BAIRRO NAO INFORMADO                              ,CIATICA
2014,M,CURITIBA,LINDOIA                                           ,INFECCAO AGUDA DAS VIAS AEREAS SUPERIORES NAO ESPECIFICADA
2014,M,CURITIBA,LINDOIA                                           ,INFECCAO AGUDA DAS VIAS AEREAS SUPERIORES NAO ESPECIFICADA
1974,M,SAO JOSE DOS PINHAIS,BORDA DO CAMPO                                    ,ABSCESSO ANAL
1994,F,COLOMBO,CENTRO,INFECCAO AGUDA DAS VIAS AEREAS SUPERIORES NAO ESPECIFICADA
1983,F,PIRAQUARA,JDHOLANDES                                        ,ASMA NAO ESPECIFICADA
1993,F,CURITIBA,UBERABA,DIARREIA E GASTROENTERITE DE ORIGEM INFECCIOSA PRESUMIVEL
2007,M,PINHAIS,BAIRRO NAO INFORMADO,AMIGDALITE AGUDA NAO ESPECIFICADA
1999,F,CURITIBA,ABRANCHES                                         ,"SUPERVISAO DE GRAVIDEZ NORMAL, NAO ESPECIFICADA"
1999,F,CURITIBA,ABRANCHES                                         ,"SUPERVISAO DE GRAVIDEZ NORMAL, NAO ESPECIFICADA"
1970,F,PIRAQUARA,BAIRRO NAO INFORMADO,COLICA NEFRETICA NAO ESPECIFICADA
1970,F,PIRAQUARA,BAIRRO NAO INFORMADO,COLICA NEFRETICA NAO ESPECIFICADA
1970,F,PIRAQUARA,BAIRRO NAO INFORMADO,COLICA NEFRETICA NAO ESPECIFICADA
1970,F,PIRAQUARA,BAIRRO NAO INFORMADO,COLICA NEFRETICA NAO ESPECIFICADA
1970,F,PIRAQUARA,BAIRRO NAO INFORMADO,COLICA NEFRETICA NAO ESPECIFICADA
1970,F,PIRAQUARA,BAIRRO NAO INFORMADO,COLICA NEFRETICA NAO ESPECIFICADA
1970,M,CURITIBA,CAJURU,PROCEDIMENTO NAO REALIZADO POR OUTRAS RAZOES
1983,M,CURITIBA,TATUQUARA                                         ,CONTUSAO DO OMBRO E DO BRACO
1994,M,CURITIBA,CAJURU,DOR LOMBAR BAIXA
1954,M,CURITIBA,TATUQUARA                                         ,EMISSAO DE PRESCRICAO DE REPETICAO
1994,F,CURITIBA,PINHEIRINHO                                       ,OUTRAS CONVULSOES E AS NAO ESPECIFICADAS
1994,F,CURITIBA,PINHEIRINHO                                       ,EMISSAO DE PRESCRICAO DE REPETICAO
1994,F,CURITIBA,PINHEIRINHO                                       ,EMISSAO DE PRESCRICAO DE REPETICAO
1994,F,CURITIBA,PINHEIRINHO                                       ,EMISSAO DE PRESCRICAO DE REPETICAO
1952,F,CURITIBA,CIDADE INDUSTRIAL,EXAME MEDICO GERAL
1952,F,CURITIBA,CIDADE INDUSTRIAL,DOR NAO ESPECIFICADA
1952,F,CURITIBA,CIDADE INDUSTRIAL,DOR NAO ESPECIFICADA
1997,M,CURITIBA,CAPAO RASO,DOR LOMBAR BAIXA
2010,F,ALMIRANTE TAMANDARE DO SUL,BAIRRO NAO INFORMADO                              ,TRAUMATISMO SUPERFICIAL DE REGIAO NAO ESPECIFICADA DO CORPO
2007,F,CURITIBA,CAPAO RASO,DIARREIA E GASTROENTERITE DE ORIGEM INFECCIOSA PRESUMIVEL
1999,M,CURITIBA,CAMPO DE SANTANA                                  ,DOR EM MEMBRO
1999,M,CURITIBA,CAMPO DE SANTANA                                  ,"INFLUENZA [GRIPE] COM OUTRAS MANIFESTACOES, DEVIDA A VIRUS NAO IDENTIFICADO"
1999,M,CURITIBA,CAMPO DE SANTANA                                  ,UNHA ENCRAVADA
1984,F,CURITIBA,PINHEIRINHO                                       ,"DOR TORACICA, NAO ESPECIFICADA"
1956,M,CURITIBA,CAPAO RASO,CONTATO COM OUTROS ARTROPODES VENENOSOS - AREAS DE COMERCIO E DE SERVICOS
1948,F,ALMIRANTE TAMANDARE,BAIRRO NAO INFORMADO,VARIZES DOS MEMBROS INFERIORES COM ULCERA E INFLAMACAO
1948,F,ALMIRANTE TAMANDARE,BAIRRO NAO INFORMADO,VARIZES DOS MEMBROS INFERIORES COM ULCERA E INFLAMACAO
2005,M,CURITIBA,TATUQUARA                                         ,OUTRAS DORES ABDOMINAIS E AS NAO ESPECIFICADAS
1953,M,NAO INFORMADO,BAIRRO NAO INFORMADO                              ,DOENCA CARDIACA HIPERTENSIVA COM INSUFICIENCIA CARDIACA (CONGESTIVA)
1953,M,NAO INFORMADO,BAIRRO NAO INFORMADO                              ,DOENCA CARDIACA HIPERTENSIVA COM INSUFICIENCIA CARDIACA (CONGESTIVA)
1960,M,CURITIBA,CAMPINA DO SIQUEIRA                               ,CEFALEIA
1981,M,CURITIBA,CIDADE INDUSTRIAL,DOR EM MEMBRO
1941,F,CURITIBA,CIDADE INDUSTRIAL,CISTITE AGUDA
1941,F,CURITIBA,CIDADE INDUSTRIAL,CISTITE AGUDA
1976,M,CURITIBA,REBOUCAS                                          ,OBSERVACAO POR SUSPEITA DE DOENCA OU AFECCAO NAO ESPECIFICADA
1967,M,CURITIBA,REBOUCAS                                          ,TRAUMATISMO NAO ESPECIFICADO
1987,F,CURITIBA,REBOUCAS                                          ,EXAME MEDICO GERAL
1982,M,CURITIBA,REBOUCAS                                          ,EXAME DE SEGUIMENTO APOS OUTRO TRATAMENTO POR OUTRAS AFECCOES
1989,M,CURITIBA,REBOUCAS                                          ,"ABSCESSO CUTANEO, FURUNCULO E ANTRAZ DE OUTRAS LOCALIZACOES"
1989,M,CURITIBA,REBOUCAS                                          ,"ABSCESSO CUTANEO, FURUNCULO E ANTRAZ DE OUTRAS LOCALIZACOES"
1928,M,CURITIBA,TINGUI                                            ,EMISSAO DE PRESCRICAO DE REPETICAO
1959,M,CURITIBA,TINGUI                                            ,PROCEDIMENTO NAO REALIZADO DEVIDO A DECISAO DO PACIENTE POR OUTRAS RAZOES E AS NAO ESPECIFICADAS
1959,M,CURITIBA,TINGUI                                            ,DOR AGUDA
1991,F,CURITIBA,SITIO CERCADO,NAUSEA E VOMITOS
1999,F,CURITIBA,ALTO BOQUEIRAO,NASOFARINGITE AGUDA [RESFRIADO COMUM]
1999,F,CURITIBA,ALTO BOQUEIRAO,HEMORROIDAS EXTERNAS SEM COMPLICACAO
1999,F,CURITIBA,ALTO BOQUEIRAO,HEMORROIDAS EXTERNAS SEM COMPLICACAO
1947,F,CURITIBA,XAXIM                                             ,EMISSAO DE PRESCRICAO DE REPETICAO
1937,M,CURITIBA,XAXIM                                             ,EXAME ESPECIAL DE RASTREAMENTO DE OUTRAS DOENCAS E TRANSTORNOS ESPECIFICADOS
1929,M,CURITIBA,VISTA ALEGRE                                      ,OUTRA DOR CRONICA
1929,M,CURITIBA,VISTA ALEGRE                                      ,HIPERTENSAO ESSENCIAL (PRIMARIA)
1955,F,CURITIBA,VISTA ALEGRE                                      ,EPICONDILITE LATERAL
1955,F,CURITIBA,VISTA ALEGRE                                      ,DIABETES MELLITUS NAO-INSULINO-DEPENDENTE - COM COMPLICACOES NAO ESPECIFICADAS
2017,F,CURITIBA,UBERABA,AMIGDALITE AGUDA NAO ESPECIFICADA
2017,F,CURITIBA,UBERABA,FEBRE NAO ESPECIFICADA
2017,F,CURITIBA,UBERABA,FEBRE NAO ESPECIFICADA
2017,F,CURITIBA,UBERABA,DERMATITE NAO ESPECIFICADA
2017,F,CURITIBA,UBERABA,AMIGDALITE AGUDA NAO ESPECIFICADA
2012,F,CURITIBA,SITIO CERCADO,INFECCAO AGUDA DAS VIAS AEREAS SUPERIORES NAO ESPECIFICADA
1976,M,CURITIBA,PINHEIRINHO                                       ,DOR AGUDA
1976,M,CURITIBA,PINHEIRINHO                                       ,OUTRAS GASTRITES AGUDAS
1976,M,CURITIBA,PINHEIRINHO                                       ,DOR LOMBAR BAIXA
1976,M,CURITIBA,PINHEIRINHO                                       ,DOR LOMBAR BAIXA
2015,M,CURITIBA,BAIRRO ALTO,VARICELA COM OUTRAS COMPLICACOES
1968,F,CURITIBA,CIDADE INDUSTRIAL,EXAME MEDICO GERAL
1968,F,CURITIBA,CIDADE INDUSTRIAL,ENDOMETRIOSE NAO ESPECIFICADA
1968,F,CURITIBA,CIDADE INDUSTRIAL,ENDOMETRIOSE NAO ESPECIFICADA
1968,F,CURITIBA,CIDADE INDUSTRIAL,DOR LOCALIZADA EM OUTRAS PARTES DO ABDOME INFERIOR
1968,F,CURITIBA,CIDADE INDUSTRIAL,DOR LOCALIZADA EM OUTRAS PARTES DO ABDOME INFERIOR
1968,F,CURITIBA,CIDADE INDUSTRIAL,EXAME MEDICO GERAL
1968,F,CURITIBA,CIDADE INDUSTRIAL,EXAME MEDICO GERAL
2003,M,CURITIBA,SANTA QUITERIA                                    ,DOR AGUDA
2003,M,CURITIBA,SANTA QUITERIA                                    ,DOR AGUDA
1978,F,CURITIBA,PRADO VELHO                                       ,TONTURA E INSTABILIDADE
1978,F,CURITIBA,PRADO VELHO                                       ,TONTURA E INSTABILIDADE
2002,M,QUATRO BARRAS,BAIRRO NAO INFORMADO                              ,FARINGITE AGUDA NAO ESPECIFICADA
2002,M,QUATRO BARRAS,BAIRRO NAO INFORMADO                              ,FARINGITE AGUDA NAO ESPECIFICADA
1960,M,QUATRO BARRAS,BAIRRO NAO INFORMADO                              ,CELULITE DE OUTRAS PARTES DO(S) MEMBRO(S)
1992,F,QUATRO BARRAS,BAIRRO NAO INFORMADO                              ,CEFALEIA
1962,F,CURITIBA,CAMPO COMPRIDO                                    ,DOR LOMBAR BAIXA
1962,F,CURITIBA,CAMPO COMPRIDO                                    ,GASTRITE NAO ESPECIFICADA
2002,M,CURITIBA,UBERABA,MICOSE SUPERFICIAL NAO ESPECIFICADA
2002,M,CURITIBA,UBERABA,MICOSE SUPERFICIAL NAO ESPECIFICADA
2002,M,CURITIBA,UBERABA,TRAUMATISMOS MULTIPLOS NAO ESPECIFICADOS
1967,F,CURITIBA,UBERABA,FARINGITE AGUDA NAO ESPECIFICADA
1967,F,CURITIBA,UBERABA,FARINGITE AGUDA NAO ESPECIFICADA
1966,M,CURITIBA,CAPAO DA IMBUIA,EXAME DE SEGUIMENTO APOS OUTRO TRATAMENTO POR OUTRAS AFECCOES
2009,M,CURITIBA,CAJURU,ASMA NAO ESPECIFICADA
2002,M,CURITIBA,CAJURU,BALANOPOSTITE
1994,F,CURITIBA,CIDADE INDUSTRIAL,PROCEDIMENTO NAO REALIZADO DEVIDO A DECISAO DO PACIENTE POR OUTRAS RAZOES E AS NAO ESPECIFICADAS
1994,F,CURITIBA,CIDADE INDUSTRIAL,PROCEDIMENTO NAO REALIZADO DEVIDO A DECISAO DO PACIENTE POR OUTRAS RAZOES E AS NAO ESPECIFICADAS
1965,M,CURITIBA,BUTIATUVINHA,HIPERTENSAO ESSENCIAL (PRIMARIA)
1939,F,CURITIBA,ATUBA                                             ,OUTROS EXAMES PARA PROPOSITOS ADMINISTRATIVOS
1954,F,CURITIBA,SITIO CERCADO,EMISSAO DE PRESCRICAO DE REPETICAO
2004,M,PINHAIS,JARDIM KARLA,EXAME MEDICO GERAL
1956,F,CURITIBA,PILARZINHO,DOENCA PELO VIRUS DA IMUNODEFICIENCIA HUMANA [HIV] NAO ESPECIFICADA
1956,F,CURITIBA,PILARZINHO,EVIDENCIA LABORATORIAL DO VIRUS DA IMUNODEFICIENCIA HUMANA [HIV]
1963,M,CURITIBA,CAMPO DE SANTANA                                  ,EXAME MEDICO GERAL
1957,M,CURITIBA,CIDADE INDUSTRIAL,EXAME MEDICO GERAL
2018,F,CURITIBA,BARREIRINHA                                       ,FEBRE NAO ESPECIFICADA
2002,F,CURITIBA,BARREIRINHA                                       ,EXAME GINECOLOGICO (GERAL) (DE ROTINA)
1978,M,CURITIBA,BARREIRINHA                                       ,MIALGIA
1953,M,CURITIBA,BARREIRINHA                                       ,DIABETES MELLITUS NAO ESPECIFICADO - SEM COMPLICACOES
1953,M,CURITIBA,BARREIRINHA                                       ,DIABETES MELLITUS INSULINO-DEPENDENTE - COM COMPLICACOES NAO ESPECIFICADAS
1953,M,CURITIBA,BARREIRINHA                                       ,DIABETES MELLITUS INSULINO-DEPENDENTE - COM COMPLICACOES NAO ESPECIFICADAS
1985,F,CURITIBA,FAZENDINHA,NASOFARINGITE AGUDA [RESFRIADO COMUM]
2010,M,CURITIBA,NOVO MUNDO,DERMATITE VESICULAR DEVIDO AO VIRUS DO HERPES
2011,M,CURITIBA,BOQUEIRAO                                         ,PROCEDIMENTO NAO REALIZADO POR RAZAO NAO ESPECIFICADA
1932,M,CURITIBA,ABRANCHES                                         ,OUTRAS POLIARTROSES
1949,F,CURITIBA,ABRANCHES                                         ,ANSIEDADE GENERALIZADA
1949,F,CURITIBA,ABRANCHES                                         ,VERTIGEM PAROXISTICA BENIGNA
1981,F,CURITIBA,SANTA FELICIDADE,EXAME GINECOLOGICO (GERAL) (DE ROTINA)
1974,M,CURITIBA,SANTA FELICIDADE,PESSOA EM CONTATO COM SERVICOS DE SAUDE EM CIRCUNSTANCIAS NAO ESPECIFICADAS
1973,F,CURITIBA,CIDADE INDUSTRIAL,NASOFARINGITE AGUDA [RESFRIADO COMUM]
2000,F,CURITIBA,CIDADE INDUSTRIAL,SUPERVISAO DE PRIMEIRA GRAVIDEZ NORMAL
2000,F,CURITIBA,CIDADE INDUSTRIAL,SUPERVISAO DE PRIMEIRA GRAVIDEZ NORMAL
1945,F,CURITIBA,CIDADE INDUSTRIAL,SINCOPE E COLAPSO
1969,F,CURITIBA,ABRANCHES                                         ,EXAME GINECOLOGICO (GERAL) (DE ROTINA)
1992,F,CURITIBA,PAROLIN                                           ,"SUPERVISAO DE GRAVIDEZ NORMAL, NAO ESPECIFICADA"
1992,F,CURITIBA,PAROLIN                                           ,SUPERVISAO DE OUTRA GRAVIDEZ NORMAL
1992,M,ALMIRANTE TAMANDARE,CENTRO,INFECCAO AGUDA DAS VIAS AEREAS SUPERIORES NAO ESPECIFICADA
1984,M,CURITIBA,ALTO BOQUEIRAO,AMIGDALITE AGUDA NAO ESPECIFICADA
1984,M,CURITIBA,ALTO BOQUEIRAO,FARINGITE AGUDA NAO ESPECIFICADA
1963,F,CURITIBA,BACACHERI,EXAME DE SEGUIMENTO APOS OUTRO TRATAMENTO POR OUTRAS AFECCOES
2011,M,CURITIBA,UBERABA,OBTENCAO DE ATESTADO MEDICO
2011,M,CURITIBA,UBERABA,OBTENCAO DE ATESTADO MEDICO
1975,M,CURITIBA,UBERABA,OUTROS EXAMES GERAIS
1992,F,CURITIBA,ALTO BOQUEIRAO,OUTRAS DORES ABDOMINAIS E AS NAO ESPECIFICADAS
2001,M,CURITIBA,ALTO BOQUEIRAO,CEFALEIA
1960,F,CURITIBA,CAJURU,EMISSAO DE PRESCRICAO DE REPETICAO
1997,F,CURITIBA,SANTA FELICIDADE,EXAME MEDICO GERAL
1997,F,CURITIBA,SANTA FELICIDADE,EXAME MEDICO GERAL
1988,M,NAO INFORMADO,BAIRRO NAO INFORMADO                              ,INFECCAO AGUDA DAS VIAS AEREAS SUPERIORES NAO ESPECIFICADA
1967,F,CURITIBA,CENTRO                                            ,DIABETES MELLITUS INSULINO-DEPENDENTE - SEM COMPLICACOES
1967,F,CURITIBA,CENTRO                                            ,ANEMIA POR DEFICIENCIA DE FERRO NAO ESPECIFICADA
1989,M,CURITIBA,UBERABA,DIARREIA E GASTROENTERITE DE ORIGEM INFECCIOSA PRESUMIVEL
1989,M,CURITIBA,UBERABA,DIARREIA E GASTROENTERITE DE ORIGEM INFECCIOSA PRESUMIVEL
1965,M,CURITIBA,BACACHERI,EXAME NAO ESPECIFICADO COM FINALIDADES ADMINISTRATIVAS
1968,M,CURITIBA,BACACHERI,EXAME NAO ESPECIFICADO COM FINALIDADES ADMINISTRATIVAS
1995,F,CURITIBA,REBOUCAS                                          ,EPILEPSIA E SINDR. EPILEPT. SINTOM. DEF. POR SUA LOCAL. (FOCAL - PARCIAL) C/ CRISES PARC. COMPLEXAS
1934,F,CURITIBA,GUABIROTUBA,EXAME MEDICO GERAL
1934,F,CURITIBA,GUABIROTUBA,EXAME MEDICO GERAL
1976,M,CURITIBA,SITIO CERCADO,TONTURA E INSTABILIDADE
1976,M,CURITIBA,SITIO CERCADO,TONTURA E INSTABILIDADE
1981,F,CURITIBA,VISTA ALEGRE                                      ,EMISSAO DE PRESCRICAO DE REPETICAO
2016,F,CURITIBA,PINHEIRINHO                                       ,EXAME DE ROTINA DE SAUDE DA CRIANCA
2016,F,CURITIBA,PINHEIRINHO                                       ,ASMA NAO ESPECIFICADA
2016,F,CURITIBA,PINHEIRINHO                                       ,ASMA NAO ESPECIFICADA
1987,F,CURITIBA,LINDOIA                                           ,TONTURA E INSTABILIDADE
1978,M,COLOMBO,ALTO DA CRUZ  II,BRONQUITE AGUDA DEVIDA A ESTREPTOCOCOS
1949,F,CURITIBA,PINHEIRINHO                                       ,"DOR TORACICA, NAO ESPECIFICADA"
1949,F,CURITIBA,PINHEIRINHO                                       ,"DOR TORACICA, NAO ESPECIFICADA"
1969,M,CURITIBA,PORTAO                                            ,EXAME MEDICO GERAL
1980,M,CURITIBA,CAMPO DE SANTANA                                  ,DIARREIA E GASTROENTERITE DE ORIGEM INFECCIOSA PRESUMIVEL
1958,F,CURITIBA,LINDOIA                                           ,DOR AGUDA
1958,F,CURITIBA,LINDOIA                                           ,PROCEDIMENTO NAO REALIZADO DEVIDO A DECISAO DO PACIENTE POR OUTRAS RAZOES E AS NAO ESPECIFICADAS
1978,F,CURITIBA,MERCES                                            ,TRANSTORNO DE PANICO [ANSIEDADE PAROXISTICA EPISODICA]
1978,F,CURITIBA,MERCES                                            ,TRANSTORNO DE PANICO [ANSIEDADE PAROXISTICA EPISODICA]
1968,M,CURITIBA,CAPAO RASO,RADICULOPATIA
1968,M,CURITIBA,CAPAO RASO,RADICULOPATIA
1972,F,CURITIBA,CAPAO RASO,ESTADO DA MENOPAUSA E DO CLIMATERIO FEMININO
1983,M,CURITIBA,SAO FRANCISCO                                     ,EMISSAO DE PRESCRICAO DE REPETICAO
1983,M,CURITIBA,SAO FRANCISCO                                     ,CONTUSAO DE ARTELHO(S) COM LESAO DA UNHA
1980,M,CURITIBA,SAO FRANCISCO                                     ,"ABSCESSO CUTANEO, FURUNCULO E ANTRAZ DA NADEGA"
1959,M,CURITIBA,SAO FRANCISCO                                     ,EXAME MEDICO GERAL
1959,M,CURITIBA,SAO FRANCISCO                                     ,"EPILEPSIA, NAO ESPECIFICADA"
1959,M,CURITIBA,SAO FRANCISCO                                     ,HIPERCOLESTEROLEMIA PURA
1959,M,CURITIBA,SAO FRANCISCO                                     ,HIPERCOLESTEROLEMIA PURA
2010,F,CURITIBA,SAO FRANCISCO                                     ,AMIGDALITE AGUDA NAO ESPECIFICADA
1993,F,CURITIBA,SAO FRANCISCO                                     ,CISTITE AGUDA
1993,F,CURITIBA,SAO FRANCISCO                                     ,CISTITE AGUDA
1993,F,CURITIBA,SAO FRANCISCO                                     ,EXAME GINECOLOGICO (GERAL) (DE ROTINA)
1993,F,CURITIBA,SAO FRANCISCO                                     ,EXAME GINECOLOGICO (GERAL) (DE ROTINA)
1993,F,CURITIBA,SAO FRANCISCO                                     ,EXAME GINECOLOGICO (GERAL) (DE ROTINA)
1985,M,CURITIBA,CIDADE INDUSTRIAL,TRANSTORNOS MENTAIS E COMPORT. DEV. USO COCAINA - SINDROME DE DEPENDENCIA
2014,F,CURITIBA,SANTA FELICIDADE,PNEUMONIA NAO ESPECIFICADA
1981,M,CURITIBA,SANTA FELICIDADE,FERIMENTO DE DEDO(S) SEM LESAO DA UNHA
1981,M,CURITIBA,SANTA FELICIDADE,FERIMENTO DE DEDO(S) SEM LESAO DA UNHA
1957,F,CURITIBA,ABRANCHES                                         ,CERUME IMPACTADO
1942,M,CURITIBA,ABRANCHES                                         ,PTOSE DA PALPEBRA
1973,M,CURITIBA,UMBARA,EXAME MEDICO GERAL
1973,M,CURITIBA,UMBARA,EXAME MEDICO GERAL
1956,F,CURITIBA,UMBARA,HIPERTENSAO ESSENCIAL (PRIMARIA)
1956,F,CURITIBA,UMBARA,HIPERTENSAO ESSENCIAL (PRIMARIA)
1974,F,CURITIBA,SANTA FELICIDADE,EMISSAO DE PRESCRICAO DE REPETICAO
1992,F,PINHAIS,BAIRRO NAO INFORMADO,"GASTROENTERITE E COLITE NAO-INFECCIOSAS, NAO ESPECIFICADAS"
1992,F,PINHAIS,BAIRRO NAO INFORMADO,CEFALEIA
1992,F,PINHAIS,BAIRRO NAO INFORMADO,CEFALEIA
1992,M,ARAUCARIA,CENTRO,DIARREIA E GASTROENTERITE DE ORIGEM INFECCIOSA PRESUMIVEL
1980,F,CURITIBA,BAIRRO ALTO,OUTROS EXAMES GERAIS
1961,M,CURITIBA,FAZENDINHA,OUTRAS CONVULSOES E AS NAO ESPECIFICADAS
1981,M,CONTENDA,BAIRRO NAO INFORMADO,(OSTEO)ARTROSE PRIMARIA GENERALIZADA
1995,M,CURITIBA,CABRAL                                            ,PROCEDIMENTO NAO REALIZADO DEVIDO A DECISAO DO PACIENTE POR OUTRAS RAZOES E AS NAO ESPECIFICADAS
1995,M,CURITIBA,CABRAL                                            ,PROCEDIMENTO NAO REALIZADO DEVIDO A DECISAO DO PACIENTE POR OUTRAS RAZOES E AS NAO ESPECIFICADAS
2014,M,CURITIBA,CIDADE INDUSTRIAL,AMIGDALITE AGUDA NAO ESPECIFICADA
1949,F,CURITIBA,BARREIRINHA                                       ,VERTIGEM PAROXISTICA BENIGNA
1996,M,CURITIBA,CAJURU,EXAME MEDICO GERAL
2018,M,CURITIBA,GUAIRA,"DERMATITE ATOPICA, NAO ESPECIFICADA"
2018,M,CURITIBA,GUAIRA,"DERMATITE ATOPICA, NAO ESPECIFICADA"
1973,F,CURITIBA,GUAIRA,DOR LOMBAR BAIXA
1964,F,CURITIBA,GUAIRA,EXAME MEDICO GERAL
1964,F,CURITIBA,GUAIRA,EXAME MEDICO GERAL
1964,F,CURITIBA,GUAIRA,EXAME MEDICO GERAL
1985,F,CURITIBA,UBERABA,TOSSE
2018,M,CURITIBA,PINHEIRINHO                                       ,EXAME DE ROTINA DE SAUDE DA CRIANCA
1939,F,CURITIBA,PINHEIRINHO                                       ,CELULITE DE DEDOS DAS MAOS E DOS PES
1985,F,CURITIBA,PINHEIRINHO                                       ,PROCEDIMENTO NAO REALIZADO DEVIDO A DECISAO DO PACIENTE POR OUTRAS RAZOES E AS NAO ESPECIFICADAS
1985,F,CURITIBA,PINHEIRINHO                                       ,EXAME MEDICO GERAL
1975,F,CURITIBA,PINHEIRINHO                                       ,CISTITE AGUDA
1976,F,PINHAIS,EMILIANO PERNETA,TRANSTORNOS NAO ESPECIFICADOS DO APARELHO URINARIO
2011,M,CURITIBA,CAJURU,EXAME DE ROTINA DE SAUDE DA CRIANCA
2010,F,CURITIBA,CAJURU,TRANSTORNO EXPRESSIVO DE LINGUAGEM
2010,F,CURITIBA,CAJURU,TRANSTORNO EXPRESSIVO DE LINGUAGEM
1997,F,CURITIBA,CIDADE INDUSTRIAL,AMIGDALITE AGUDA NAO ESPECIFICADA
1962,M,CURITIBA,CIDADE INDUSTRIAL,(OSTEO)ARTROSE PRIMARIA GENERALIZADA
1962,M,CURITIBA,CIDADE INDUSTRIAL,(OSTEO)ARTROSE PRIMARIA GENERALIZADA
1987,M,CURITIBA,CIDADE INDUSTRIAL,DOR AGUDA
1958,F,CURITIBA,XAXIM                                             ,EXAME MEDICO GERAL
1958,F,CURITIBA,XAXIM                                             ,EMISSAO DE PRESCRICAO DE REPETICAO
2010,F,FAZENDA RIO GRANDE,BAIRRO NAO INFORMADO,INFECCAO AGUDA DAS VIAS AEREAS SUPERIORES NAO ESPECIFICADA
1998,F,CURITIBA,SITIO CERCADO,INFECCAO AGUDA DAS VIAS AEREAS SUPERIORES NAO ESPECIFICADA
1998,F,CURITIBA,SITIO CERCADO,NASOFARINGITE AGUDA [RESFRIADO COMUM]
1998,F,CURITIBA,SITIO CERCADO,NASOFARINGITE AGUDA [RESFRIADO COMUM]
1990,M,CURITIBA,SITIO CERCADO,TRAUMATISMOS MULTIPLOS NAO ESPECIFICADOS
1990,M,CURITIBA,SITIO CERCADO,TRAUMATISMOS MULTIPLOS NAO ESPECIFICADOS
1987,M,CURITIBA,SANTO INACIO                                      ,CEFALEIA
1987,M,CURITIBA,SANTO INACIO                                      ,OUTROS SINTOMAS E SINAIS GERAIS ESPECIFICADOS
2010,F,COLOMBO,NAO INFORMADO,NAUSEA E VOMITOS
1974,M,CURITIBA,SAO FRANCISCO                                     ,"MAL ESTAR, FADIGA"
1954,F,CURITIBA,SAO FRANCISCO                                     ,DIABETES MELLITUS NAO ESPECIFICADO - SEM COMPLICACOES
1954,F,CURITIBA,SAO FRANCISCO                                     ,DIABETES MELLITUS NAO ESPECIFICADO - SEM COMPLICACOES
1954,F,CURITIBA,SAO FRANCISCO                                     ,DIABETES MELLITUS NAO ESPECIFICADO - SEM COMPLICACOES
1966,F,CURITIBA,CIDADE INDUSTRIAL,"OUTROS TRANSTORNOS DOS TECIDOS MOLES RELACIONADOS COM O USO, USO EXCESSIVO E PRESSAO"
1966,F,CURITIBA,CIDADE INDUSTRIAL,"OUTROS TRANSTORNOS DOS TECIDOS MOLES RELACIONADOS COM O USO, USO EXCESSIVO E PRESSAO"
1966,F,CURITIBA,CIDADE INDUSTRIAL,EPISODIO DEPRESSIVO NAO ESPECIFICADO
1966,F,CURITIBA,CIDADE INDUSTRIAL,EPISODIO DEPRESSIVO NAO ESPECIFICADO
1983,F,CURITIBA,CAJURU,ESPORAO DO CALCANEO
2014,M,CURITIBA,SITIO CERCADO,FERIMENTO DE REGIAO NAO ESPECIFICADA DO CORPO
2014,M,CURITIBA,SITIO CERCADO,PIODERMITE
1988,M,CURITIBA,SITIO CERCADO,EXAME NAO ESPECIFICADO COM FINALIDADES ADMINISTRATIVAS
1988,M,CURITIBA,SITIO CERCADO,OUTRAS CONVULSOES E AS NAO ESPECIFICADAS
1988,M,CURITIBA,SITIO CERCADO,OUTRO CUIDADO MEDICO ESPECIFICADO
1977,M,CURITIBA,CIDADE INDUSTRIAL,"INFLUENZA [GRIPE] COM OUTRAS MANIFESTACOES RESPIRATORIAS, DEVIDA A VIRUS NAO IDENTIFICADO"
1950,M,CURITIBA,PILARZINHO,ALERGIA NAO ESPECIFICADA
2018,F,CURITIBA,UBERABA,EXAME DE ROTINA DE SAUDE DA CRIANCA
1988,F,CURITIBA,UBERABA,SUPERVISAO DE OUTRA GRAVIDEZ NORMAL
1988,F,CURITIBA,UBERABA,SEGUIMENTO POS-PARTO DE ROTINA
2014,M,CURITIBA,CIDADE INDUSTRIAL,OTITE MEDIA AGUDA SUPURATIVA
1983,F,CURITIBA,CIDADE INDUSTRIAL,DISURIA
1952,F,PONTAL DO PARANA,BAIRRO NAO INFORMADO                              ,EXAME MEDICO GERAL
2017,F,CURITIBA,TINGUI                                            ,PROCEDIMENTO NAO REALIZADO POR RAZAO NAO ESPECIFICADA
2000,M,CURITIBA,CAPAO DA IMBUIA,PROCEDIMENTO NAO REALIZADO DEVIDO A DECISAO DO PACIENTE POR OUTRAS RAZOES E AS NAO ESPECIFICADAS
1973,F,CURITIBA,CAPAO DA IMBUIA,DOR LOMBAR BAIXA
1973,F,CURITIBA,CAPAO DA IMBUIA,DOR LOMBAR BAIXA
1973,F,CURITIBA,CAPAO DA IMBUIA,DOR LOMBAR BAIXA
1994,F,CURITIBA,LINDOIA                                           ,"GASTROENTERITE E COLITE NAO-INFECCIOSAS, NAO ESPECIFICADAS"
1994,F,CURITIBA,LINDOIA                                           ,"GASTROENTERITE E COLITE NAO-INFECCIOSAS, NAO ESPECIFICADAS"
1968,M,CURITIBA,CIDADE INDUSTRIAL,OUTROS TRANSTORNOS ESPECIFICADOS DO RIM E DO URETER
1959,F,CURITIBA,SITIO CERCADO,DOR ARTICULAR
1934,F,CURITIBA,CAMPO DE SANTANA                                  ,HIPERTENSAO ESSENCIAL (PRIMARIA)
1967,F,PIRAQUARA,BAIRRO NAO INFORMADO,EMISSAO DE PRESCRICAO DE REPETICAO
2007,F,CURITIBA,CAJURU,FARINGITE AGUDA NAO ESPECIFICADA
1972,M,CURITIBA,CAJURU,EXAME DE LABORATORIO
1946,M,CURITIBA,GANCHINHO                                         ,ASMA PREDOMINANTEMENTE ALERGICA
1946,M,CURITIBA,GANCHINHO                                         ,ASMA NAO ESPECIFICADA
2010,M,SAO JOSE DOS PINHAIS,BAIRRO NAO INFORMADO,NASOFARINGITE AGUDA [RESFRIADO COMUM]
1993,F,CURITIBA,CIDADE INDUSTRIAL,DOENCA INFLAMATORIA NAO ESPECIFICADA DA PELVE FEMININA
1993,F,CURITIBA,CIDADE INDUSTRIAL,DOENCA INFLAMATORIA NAO ESPECIFICADA DA PELVE FEMININA
1993,F,CURITIBA,CIDADE INDUSTRIAL,DOENCA INFLAMATORIA NAO ESPECIFICADA DA PELVE FEMININA
1993,F,CURITIBA,CIDADE INDUSTRIAL,OBTENCAO DE ATESTADO MEDICO
1993,F,CURITIBA,CIDADE INDUSTRIAL,DIARREIA E GASTROENTERITE DE ORIGEM INFECCIOSA PRESUMIVEL
1993,F,CURITIBA,CIDADE INDUSTRIAL,TRICOMONIASE NAO ESPECIFICADA
1993,F,CURITIBA,CIDADE INDUSTRIAL,TRICOMONIASE NAO ESPECIFICADA
2007,M,CURITIBA,CIDADE INDUSTRIAL,TOSSE
1954,F,CURITIBA,PORTAO                                            ,EXAME GINECOLOGICO (GERAL) (DE ROTINA)
1954,F,CURITIBA,PORTAO                                            ,EXAME GINECOLOGICO (GERAL) (DE ROTINA)
1968,F,CURITIBA,SITIO CERCADO,DIABETES MELLITUS INSULINO-DEPENDENTE - SEM COMPLICACOES
1950,F,CURITIBA,UBERABA,TRANSTORNOS MENTAIS E COMPORT. DEV. USO FUMO - SINDROME DE DEPENDENCIA
1944,F,CURITIBA,SAO BRAZ                                          ,PROCEDIMENTO NAO REALIZADO DEVIDO A DECISAO DO PACIENTE POR OUTRAS RAZOES E AS NAO ESPECIFICADAS
1963,M,CURITIBA,SAO BRAZ                                          ,OTALGIA
1963,M,CURITIBA,SAO BRAZ                                          ,OTALGIA
1963,M,CURITIBA,SAO BRAZ                                          ,OTALGIA
1963,M,CURITIBA,SAO BRAZ                                          ,"HERNIA INGUINAL UNILATERAL OU NAO ESPECIFICADA, COM OBSTRUCAO SEM GANGRENA"
1963,M,CURITIBA,SAO BRAZ                                          ,OUTRAS DORES ABDOMINAIS E AS NAO ESPECIFICADAS
2018,M,CURITIBA,CAJURU,NAUSEA E VOMITOS
1993,F,CURITIBA,BOQUEIRAO                                         ,OUTRAS DORES ABDOMINAIS E AS NAO ESPECIFICADAS
2016,F,CURITIBA,CAJURU,OTITE EXTERNA EM DOENCAS BACTERIANAS CLASSIFICADAS EM OUTRA PARTE
2010,M,CURITIBA,CAJURU,OUTRAS DORES ABDOMINAIS E AS NAO ESPECIFICADAS
1965,M,CURITIBA,AUGUSTA                                           ,SEGUIMENTO ENVOLVENDO CIRURGIA PLASTICA DA CABECA E DO PESCOCO
1962,M,CURITIBA,AUGUSTA                                           ,EMISSAO DE PRESCRICAO DE REPETICAO
2018,F,CURITIBA,CAPAO DA IMBUIA,TOSSE
2018,F,CURITIBA,CAPAO DA IMBUIA,FEBRE NAO ESPECIFICADA
2018,F,CURITIBA,CAPAO DA IMBUIA,PROCEDIMENTO NAO REALIZADO POR OUTRAS RAZOES
2018,F,CURITIBA,CAPAO DA IMBUIA,EXAME DE ROTINA DE SAUDE DA CRIANCA
1970,M,CURITIBA,CAPAO DA IMBUIA,EXAME MEDICO GERAL
1989,M,CURITIBA,CAPAO DA IMBUIA,OUTRA DOR TORACICA
1972,F,ITAPERUCU,BAIRRO NAO INFORMADO,TOSSE
1939,F,CURITIBA,CIDADE INDUSTRIAL,SINCOPE E COLAPSO
1939,F,CURITIBA,CIDADE INDUSTRIAL,SINCOPE E COLAPSO
1978,M,CURITIBA,SITIO CERCADO,ARRITMIA CARDIACA NAO ESPECIFICADA
1978,M,CURITIBA,SITIO CERCADO,EXAME MEDICO GERAL
2017,M,CURITIBA,PINHEIRINHO                                       ,INFECCAO AGUDA DAS VIAS AEREAS SUPERIORES NAO ESPECIFICADA
2017,M,CURITIBA,PINHEIRINHO                                       ,INFECCAO AGUDA DAS VIAS AEREAS SUPERIORES NAO ESPECIFICADA
2017,M,CURITIBA,PINHEIRINHO                                       ,INFECCAO AGUDA DAS VIAS AEREAS SUPERIORES NAO ESPECIFICADA
1962,M,CURITIBA,UBERABA,EXAME MEDICO GERAL
1942,M,CURITIBA,GUABIROTUBA,DIABETES MELLITUS INSULINO-DEPENDENTE - COM COMPLICACOES NAO ESPECIFICADAS
1949,M,CURITIBA,ALTO BOQUEIRAO,EMISSAO DE PRESCRICAO DE REPETICAO
1949,M,CURITIBA,ALTO BOQUEIRAO,ASMA MISTA
1999,M,CURITIBA,ALTO BOQUEIRAO,OUTRAS FORMAS DE BLOQUEIO DE RAMO DIREITO E AS NAO ESPECIFICADAS
1974,F,CURITIBA,ALTO BOQUEIRAO,TRANSTORNO DA MAMA NAO ESPECIFICADO
1974,F,CURITIBA,ALTO BOQUEIRAO,HIPERTENSAO ESSENCIAL (PRIMARIA)
1974,F,CURITIBA,ALTO BOQUEIRAO,HIPERTENSAO ESSENCIAL (PRIMARIA)
1974,F,CURITIBA,ALTO BOQUEIRAO,EXAME MEDICO GERAL
1990,F,CURITIBA,CIDADE INDUSTRIAL,OUTRAS SINDROMES DE CEFALEIA ESPECIFICADAS
1990,F,CURITIBA,CIDADE INDUSTRIAL,FARINGITE AGUDA NAO ESPECIFICADA
1990,F,CURITIBA,CIDADE INDUSTRIAL,CEFALEIA
1955,F,CURITIBA,CIDADE INDUSTRIAL,EMISSAO DE PRESCRICAO DE REPETICAO
1977,F,CURITIBA,CAPAO DA IMBUIA,DOR LOCALIZADA NO ABDOME SUPERIOR
1943,F,CURITIBA,NOVO MUNDO,ARRITMIA CARDIACA NAO ESPECIFICADA
1969,F,ARAUCARIA,BAIRRO NAO INFORMADO,"DOR TORACICA, NAO ESPECIFICADA"
2017,M,CURITIBA,UBERABA,INFECCAO AGUDA DAS VIAS AEREAS SUPERIORES NAO ESPECIFICADA
2017,M,CURITIBA,UBERABA,DIARREIA E GASTROENTERITE DE ORIGEM INFECCIOSA PRESUMIVEL
1994,M,CURITIBA,UBERABA,PROCEDIMENTO NAO REALIZADO DEVIDO A DECISAO DO PACIENTE POR OUTRAS RAZOES E AS NAO ESPECIFICADAS
2014,F,CURITIBA,XAXIM                                             ,EXAME DE ROTINA DE SAUDE DA CRIANCA
1987,M,CURITIBA,CIDADE INDUSTRIAL,ALERGIA NAO ESPECIFICADA
1987,M,CURITIBA,CIDADE INDUSTRIAL,TINHA DO CORPO
1988,M,FAZENDA RIO GRANDE,SANTA TEREZINHA                                   ,"MAL ESTAR, FADIGA"
1952,M,CURITIBA,MOSSUNGUE                                         ,CIATICA
1952,M,CURITIBA,MOSSUNGUE                                         ,EXAME MEDICO GERAL
1971,F,CURITIBA,UBERABA,EXAME MEDICO GERAL
1971,F,CURITIBA,UBERABA,EXAME MEDICO GERAL
1997,F,CURITIBA,UBERABA,ANSIEDADE GENERALIZADA
1966,F,CURITIBA,SITIO CERCADO,DIARREIA E GASTROENTERITE DE ORIGEM INFECCIOSA PRESUMIVEL
1952,F,CURITIBA,SITIO CERCADO,EMISSAO DE PRESCRICAO DE REPETICAO
1952,F,CURITIBA,SITIO CERCADO,EMISSAO DE PRESCRICAO DE REPETICAO
1952,F,CURITIBA,SITIO CERCADO,EMISSAO DE PRESCRICAO DE REPETICAO
1938,M,CURITIBA,PINHEIRINHO                                       ,HIPERTENSAO ESSENCIAL (PRIMARIA)
1938,M,CURITIBA,PINHEIRINHO                                       ,OUTROS EXAMES GERAIS
1946,F,CURITIBA,PINHEIRINHO                                       ,EMISSAO DE PRESCRICAO DE REPETICAO
1945,F,CURITIBA,CAPAO DA IMBUIA,EXAME MEDICO GERAL
2002,F,CURITIBA,CIDADE INDUSTRIAL,DOR TORACICA AO RESPIRAR
2002,F,CURITIBA,CIDADE INDUSTRIAL,DOR TORACICA AO RESPIRAR
1980,M,CURITIBA,CIDADE INDUSTRIAL,DOR AGUDA
1948,F,CURITIBA,UBERABA,HIPERTENSAO ESSENCIAL (PRIMARIA)
1993,F,CURITIBA,CAJURU,OTITE MEDIA AGUDA SEROSA
1985,M,CURITIBA,CAJURU,DISPEPSIA
1934,M,CURITIBA,SITIO CERCADO,EMISSAO DE PRESCRICAO DE REPETICAO
1976,M,CURITIBA,XAXIM                                             ,TRANSTORNO NAO ESPECIFICADO DO PENIS
1976,M,CURITIBA,XAXIM                                             ,EXAME MEDICO GERAL
1980,F,CURITIBA,XAXIM                                             ,EXAME MEDICO GERAL
1980,F,CURITIBA,XAXIM                                             ,EXAME MEDICO GERAL
1956,F,CURITIBA,SITIO CERCADO,DISPNEIA
2004,M,CURITIBA,SITIO CERCADO,EXAME PARA PARTICIPACAO EM ESPORTE
2012,F,CURITIBA,TATUQUARA                                         ,AMIGDALITE AGUDA NAO ESPECIFICADA
1931,F,CURITIBA,SANTA CANDIDA                                     ,HIPERTENSAO PULMONAR PRIMARIA
1931,F,CURITIBA,SANTA CANDIDA                                     ,HIPERTENSAO PULMONAR PRIMARIA
